/net21 X,/net21 YRe,/net21 YReImag
1,0.06312752508879126,-3.338387833491068e-08
1.023292992280754,0.06312752508879033,-3.416148875526685e-08
1.047128548050899,0.06312752508878934,-3.495721204914172e-08
1.071519305237606,0.06312752508878834,-3.577147011955842e-08
1.096478196143185,0.06312752508878725,-3.660469469692376e-08
1.122018454301963,0.06312752508878613,-3.745732756793779e-08
1.148153621496882,0.06312752508878496,-3.832982080983462e-08
1.174897554939529,0.06312752508878372,-3.922263703007998e-08
1.202264434617413,0.06312752508878243,-4.013624961165153e-08
1.230268770812381,0.06312752508878108,-4.107114296403311e-08
1.258925411794167,0.06312752508877965,-4.202781278005495e-08
1.288249551693134,0.06312752508877818,-4.300676629871667e-08
1.318256738556407,0.06312752508877663,-4.400852257413168e-08
1.348962882591653,0.06312752508877501,-4.503361275073699e-08
1.380384264602885,0.06312752508877331,-4.608258034491292e-08
1.412537544622754,0.06312752508877152,-4.715598153316266e-08
1.445439770745927,0.06312752508876965,-4.825438544700437e-08
1.479108388168207,0.06312752508876769,-4.937837447473229e-08
1.513561248436208,0.06312752508876558,-5.052854457020646e-08
1.548816618912481,0.06312752508876346,-5.170550556883599e-08
1.584893192461113,0.0631275250887612,-5.290988151092124e-08
1.621810097358929,0.06312752508875884,-5.414231097252842e-08
1.65958690743756,0.06312752508875639,-5.54034474040713e-08
1.698243652461743,0.0631275250887538,-5.669395947677886e-08
1.737800828749374,0.06312752508875112,-5.801453143723396e-08
1.778279410038922,0.06312752508874783,-5.936586347016952e-08
1.819700858609982,0.06312752508874485,-6.074867206971731e-08
1.862087136662866,0.0631275250887418,-6.216369041929981e-08
1.905460717963246,0.06312752508873855,-6.361166878037603e-08
1.949844599758044,0.06312752508873512,-6.509337489023924e-08
1.995262314968878,0.06312752508873158,-6.660959436908145e-08
2.041737944669527,0.06312752508872788,-6.816113113654007e-08
2.089296130854037,0.06312752508872396,-6.974880783794611e-08
2.13796208950223,0.06312752508871987,-7.137346628050196e-08
2.18776162394955,0.06312752508871558,-7.303596787961861e-08
2.238721138568337,0.06312752508871114,-7.473719411564997e-08
2.29086765276777,0.06312752508870645,-7.647804700126445e-08
2.344228815319919,0.06312752508870152,-7.825944955970528e-08
2.398832919019488,0.06312752508869642,-8.008234631418816e-08
2.454708915685027,0.06312752508869103,-8.194770378870128e-08
2.511886431509577,0.0631275250886854,-8.385651102046843e-08
2.57039578276886,0.0631275250886795,-8.580978008435e-08
2.630267991895378,0.06312752508867331,-8.780854662945824e-08
2.691534803926912,0.06312752508866684,-8.985387042827194e-08
2.754228703338163,0.0631275250886601,-9.194683593854237e-08
2.81838293126445,0.06312752508865298,-9.408855287828639e-08
2.884031503126602,0.06312752508864555,-9.628015681417479e-08
2.951209226666381,0.06312752508863777,-9.852280976362339e-08
3.019951720402012,0.06312752508862965,-1.008177008109109e-07
3.090295432513586,0.06312752508862066,-1.03166046737646e-07
3.162277660168374,0.06312752508861173,-1.05569092667925e-07
3.235936569296277,0.06312752508860235,-1.080281127285068e-07
3.311311214825905,0.06312752508859258,-1.105444107243769e-07
3.38844156139202,0.06312752508858227,-1.131193208300391e-07
3.46736850452531,0.06312752508857152,-1.157542082969149e-07
3.548133892335748,0.06312752508856029,-1.184504701772157e-07
3.630780547701007,0.06312752508854851,-1.212095360646796e-07
3.715352290971718,0.06312752508853617,-1.240328688525603e-07
3.801893963205605,0.06312752508852328,-1.269219655092733e-07
3.890451449942799,0.06312752508850976,-1.298783578721072e-07
3.981071705534965,0.06312752508849509,-1.329036134594239e-07
4.073802778041119,0.06312752508848025,-1.359993363017822e-07
4.168693834703346,0.06312752508846474,-1.391671677924085e-07
4.265795188015918,0.0631275250884485,-1.424087875574898e-07
4.365158322401651,0.06312752508843149,-1.45725914346733e-07
4.466835921509622,0.06312752508841366,-1.491203069446693e-07
4.570881896148741,0.06312752508839503,-1.525937651031838e-07
4.677351412871972,0.06312752508837502,-1.561481304957672e-07
4.786300923226373,0.06312752508835456,-1.597852876940003e-07
4.897788193684452,0.06312752508833315,-1.635071651667715e-07
5.011872336272712,0.06312752508831057,-1.673157363027804e-07
5.128613839913638,0.06312752508828709,-1.712130204568575e-07
5.248074602497715,0.06312752508826253,-1.75201084020646e-07
5.370317963702516,0.06312752508823628,-1.79282041518234e-07
5.495408738576233,0.06312752508820932,-1.834580567273068e-07
5.623413251903478,0.06312752508818106,-1.877313438264022e-07
5.754399373371556,0.0631275250881515,-1.921041685689036e-07
5.888436553555876,0.06312752508812011,-1.965788494843684e-07
6.025595860743564,0.06312752508808768,-2.011577591078496e-07
6.165950018614807,0.06312752508805362,-2.058433252378358e-07
6.309573444801917,0.06312752508801807,-2.106380322235103e-07
6.456542290346539,0.06312752508798039,-2.155444222819793e-07
6.606934480075944,0.06312752508794134,-2.205650968461973e-07
6.760829753919801,0.06312752508790052,-2.257027179442733e-07
6.918309709189348,0.06312752508785734,-2.309600096109148e-07
7.079457843841362,0.06312752508781258,-2.363397593317536e-07
7.244359600749883,0.06312752508776569,-2.418448195212989e-07
7.413102413009157,0.06312752508771606,-2.474781090353268e-07
7.585775750291819,0.0631275250876647,-2.532426147185076e-07
7.762471166286898,0.06312752508761042,-2.591413929880496e-07
7.943282347242794,0.06312752508755406,-2.651775714542745e-07
8.128305161640972,0.06312752508749453,-2.71354350578896e-07
8.317637711026689,0.06312752508743268,-2.776750053719692e-07
8.511380382023743,0.06312752508736755,-2.841428871283232e-07
8.709635899560784,0.06312752508729981,-2.907614252044787e-07
8.912509381337431,0.06312752508722884,-2.975341288369265e-07
9.120108393559072,0.06312752508715457,-3.044645890027777e-07
9.332543007969884,0.06312752508707625,-3.115564803237419e-07
9.549925860214332,0.06312752508699426,-3.188135630144698e-07
9.772372209558078,0.06312752508690901,-3.262396848762631e-07
9.99999999999997,0.06312752508682426,-3.338387833372503e-07
10.23292992280751,0.06312752508673022,-3.416148875399611e-07
10.47128548050896,0.06312752508663187,-3.495721204778e-07
10.71519305237603,0.06312752508652922,-3.577147011809929e-07
10.96478196143182,0.0631275250864214,-3.660469469536017e-07
11.2201845430196,0.06312752508630839,-3.745732756626208e-07
11.48153621496879,0.06312752508619014,-3.832982080803888e-07
11.74897554939526,0.06312752508606644,-3.922263702815564e-07
12.02264434617409,0.06312752508593679,-4.013624960958931e-07
12.30268770812378,0.0631275250858012,-4.107114296182338e-07
12.58925411794163,0.06312752508565855,-4.202781277768658e-07
12.8824955169313,0.06312752508551216,-4.300676629618057e-07
13.18256738556403,0.063127525085356,-4.400852257141369e-07
13.48962882591649,0.06312752508519294,-4.503361274782437e-07
13.8038426460288,0.06312752508503659,-4.608258034180375e-07
14.12537544622749,0.06312752508485783,-4.715598152983043e-07
14.45439770745922,0.06312752508467026,-4.825438544343267e-07
14.79108388168202,0.06312752508446232,-4.937837447089387e-07
15.13561248436203,0.06312752508425673,-5.052854456609304e-07
15.48816618912476,0.06312752508404425,-5.170550556443038e-07
15.84893192461108,0.0631275250838074,-5.290988150618891e-07
16.21810097358924,0.06312752508357145,-5.41423109674577e-07
16.59586907437554,0.06312752508332449,-5.540344739863776e-07
16.98243652461738,0.06312752508306591,-5.669395947095678e-07
17.37800828749369,0.06312752508279473,-5.801453143099519e-07
17.78279410038916,0.06312752508251132,-5.936586346348516e-07
18.19700858609976,0.06312752508221453,-6.074867206255485e-07
18.6208713666286,0.06312752508190328,-6.216369041162474e-07
19.0546071796324,0.06312752508157805,-6.361166877215238e-07
19.49844599758038,0.06312752508123928,-6.509337488142983e-07
19.95262314968872,0.06312752508088273,-6.660959435964247e-07
20.41737944669521,0.06312752508050888,-6.816113112642567e-07
20.89296130854031,0.06312752508011982,-6.974880782711108e-07
21.37962089502224,0.06312752507970956,-7.137346626889105e-07
21.87761623949544,0.06312752507928063,-7.303596786717751e-07
22.38721138568331,0.06312752507883383,-7.473719410232213e-07
22.90867652767764,0.06312752507836265,-7.647804698698231e-07
23.44228815319913,0.06312752507787071,-7.825944954440204e-07
23.98832919019481,0.0631275250773696,-8.008234629781119e-07
24.5470891568502,0.06312752507682941,-8.19477037711516e-07
25.1188643150957,0.06312752507626557,-8.385651100166469e-07
25.70395782768853,0.06312752507566161,-8.580978006418229e-07
26.30267991895371,0.06312752507504109,-8.780854660784668e-07
26.91534803926904,0.06312752507439627,-8.98538704051213e-07
27.54228703338154,0.06312752507371626,-9.194683591373492e-07
28.18382931264442,0.06312752507300659,-9.408855285170761e-07
28.84031503126593,0.06312752507226074,-9.62801567856936e-07
29.51209226666373,0.06312752507147988,-9.85228097331036e-07
30.19951720402003,0.06312752507066406,-1.008177007782099e-06
30.90295432513577,0.06312752506982247,-1.031660467026324e-06
31.62277660168365,0.06312752506891604,-1.055690926303851e-06
32.35936569296268,0.06312752506797729,-1.0802811268828e-06
33.11311214825896,0.06312752506698148,-1.105444106812453e-06
33.8844156139201,0.06312752506595204,-1.131193207838218e-06
34.67368504525301,0.06312752506487881,-1.157542082474007e-06
35.48133892335738,0.06312752506375227,-1.18450470124163e-06
36.30780547700997,0.06312752506257553,-1.212095360078415e-06
37.15352290971708,0.06312752506133859,-1.240328687916561e-06
38.01893963205595,0.06312752506004493,-1.269219654440155e-06
38.90451449942788,0.06312752505867797,-1.298783578021562e-06
39.81071705534954,0.0631275250572592,-1.329036133844746e-06
40.73802778041109,0.06312752505578619,-1.359993362215063e-06
41.68693834703335,0.06312752505422989,-1.391671677063911e-06
42.65795188015907,0.06312752505260612,-1.424087874653356e-06
43.65158322401639,0.06312752505089678,-1.457259142479801e-06
44.6683592150961,0.0631275250490714,-1.491203068387514e-06
45.70881896148729,0.06312752504722957,-1.525937649897747e-06
46.7735141287196,0.06312752504528277,-1.56148130374284e-06
47.86300923226361,0.06312752504322142,-1.597852875638e-06
48.97788193684438,0.06312752504106303,-1.635071650272305e-06
50.11872336272698,0.06312752503881339,-1.673157361532624e-06
51.28613839913623,0.06312752503645704,-1.712130202966454e-06
52.480746024977,0.06312752503400748,-1.75201083849031e-06
53.70317963702501,0.06312752503139953,-1.792820413342657e-06
54.95408738576219,0.06312752502868391,-1.834580565301482e-06
56.23413251903463,0.06312752502589324,-1.877313436152869e-06
57.54399373371541,0.06312752502289108,-1.921041683425627e-06
58.88436553555861,0.06312752501979746,-1.965788492418867e-06
60.25595860743547,0.06312752501655132,-2.011577588480481e-06
61.65950018614791,0.06312752501312294,-2.058433249593696e-06
63.09573444801901,0.06312752500957038,-2.106380319251824e-06
64.56542290346522,0.06312752500584322,-2.155444219623442e-06
66.06934480075925,0.06312752500193601,-2.205650965037138e-06
67.60829753919782,0.06312752499781822,-2.257027175772006e-06
69.18309709189329,0.06312752499353319,-2.309600092176033e-06
70.79457843841342,0.06312752498906479,-2.363397589104044e-06
72.44359600749863,0.06312752498436647,-2.418448190698253e-06
74.13102413009136,0.0631275249794242,-2.474781085514784e-06
75.85775750291798,0.06312752497428449,-2.532426142001241e-06
77.62471166286876,0.06312752496887894,-2.591413924325554e-06
79.43282347242773,0.06312752496320372,-2.651775708589421e-06
81.28305161640949,0.06312752495730703,-2.713543499410992e-06
83.17637711026666,0.06312752495111876,-2.776750046886021e-06
85.11380382023719,0.06312752494462026,-2.841428863960362e-06
87.0963589956076,0.063127524937831,-2.907614244198496e-06
89.12509381337408,0.06312752493071039,-2.975341279962046e-06
91.20108393559049,0.06312752492328168,-3.044645881020453e-06
93.32543007969861,0.06312752491547172,-3.115564793585394e-06
95.49925860214309,0.06312752490729469,-3.188135619801914e-06
97.72372209558054,0.06312752489875209,-3.262396837680789e-06
99.99999999999946,0.06312752488977327,-3.338387821496492e-06
102.3292992280749,0.06312752488040109,-3.416148862674738e-06
104.7128548050894,0.06312752487057735,-3.495721191142929e-06
107.15193052376,0.06312752486027483,-3.577146997198534e-06
109.6478196143179,0.06312752484951489,-3.660469453880318e-06
112.2018454301957,0.06312752483825085,-3.74573273985173e-06
114.8153621496876,0.06312752482642653,-3.832982062828631e-06
117.4897554939523,0.06312752481404413,-3.922263683553536e-06
120.2264434617406,0.06312752480110967,-4.013624940320367e-06
123.0268770812374,0.06312752478756242,-4.107114274068549e-06
125.892541179416,0.06312752477332642,-4.202781254069514e-06
128.8249551693126,0.06312752475846355,-4.300676604224227e-06
131.8256738556399,0.06312752474289919,-4.400852229931798e-06
134.8962882591645,0.06312752472661036,-4.503361245627969e-06
138.0384264602876,0.06312752470954675,-4.60825800294017e-06
141.2537544622746,0.06312752469163967,-4.715598119505868e-06
144.5439770745919,0.06312752467292858,-4.825438508472563e-06
147.9108388168198,0.06312752465332205,-4.937837408653796e-06
151.3561248436199,0.06312752463280767,-5.052854415425755e-06
154.8816618912472,0.06312752461131392,-5.170550512313601e-06
158.4893192461104,0.06312752458882008,-5.29098810333548e-06
162.181009735892,0.06312752456525407,-5.414231046080477e-06
165.9586907437551,0.06312752454058017,-5.540344685575001e-06
169.8243652461734,0.06312752451475542,-5.669395888925498e-06
173.7800828749365,0.06312752448771908,-5.80145308077097e-06
177.8279410038912,0.0631275244593788,-5.936586279561027e-06
181.9700858609972,0.06312752442970307,-6.074867134690169e-06
186.2087136662855,0.06312752439863628,-6.216368964478463e-06
190.5460717963235,0.06312752436612658,-6.361166795048773e-06
194.9844599758032,0.06312752433203801,-6.509337400096391e-06
199.5262314968867,0.0631275242963836,-6.660959341621927e-06
204.1737944669516,0.06312752425904039,-6.816113011553306e-06
208.9296130854026,0.06312752421993414,-6.974880674391711e-06
213.7962089502218,0.06312752417897485,-7.137346510821582e-06
218.7761623949538,0.06312752413611486,-7.303596662351661e-06
223.8721138568325,0.06312752409120828,-7.473719276970281e-06
229.0867652767758,0.06312752404419096,-7.647804555905393e-06
234.4228815319906,0.06312752399494452,-7.82594480143277e-06
239.8832919019474,0.06312752394339216,-8.008234465828639e-06
245.4708915685014,0.06312752388941553,-8.194770201437853e-06
251.1886431509563,0.06312752383289802,-8.385650911925983e-06
257.0395782768846,0.06312752377367664,-8.580977804710468e-06
263.0267991895364,0.06312752371169755,-8.780854444651335e-06
269.1534803926897,0.063127523646825,-8.985386808925145e-06
275.4228703338148,0.06312752357887257,-9.194683343224786e-06
281.8382931264435,0.06312752350766689,-9.408855019262863e-06
288.4031503126586,0.0631275234331517,-9.628015393644694e-06
295.1209226666365,0.06312752335514116,-9.852280668011737e-06
301.9951720401995,0.06312752327341503,-1.008176975068406e-05
309.0295432513569,0.06312752318787553,-1.031660431973069e-05
316.2277660168357,0.06312752309828654,-1.055690888743855e-05
323.593656929626,0.06312752300447305,-1.080281086636534e-05
331.1311214825888,0.06312752290621121,-1.105444063687279e-05
338.8441561392002,0.06312752280335365,-1.131193161628927e-05
346.7368504525292,0.06312752269567015,-1.157542032960373e-05
354.8133892335729,0.06312752258287233,-1.184504648186572e-05
363.0780547700987,0.06312752246476501,-1.212095303228723e-05
371.5352290971698,0.06312752234111227,-1.240328627001405e-05
380.1893963205584,0.06312752221161175,-1.269219589167741e-05
389.0451449942777,0.06312752207600052,-1.298783508080951e-05
398.1071705534943,0.06312752193401765,-1.329036058902232e-05
407.3802778041097,0.06312752178532394,-1.359993281911911e-05
416.8693834703323,0.0631275216296517,-1.39167159101803e-05
426.5795188015895,0.06312752146660155,-1.424087782452846e-05
436.5158322401627,0.06312752129590521,-1.457259043685701e-05
446.6835921509598,0.06312752111717056,-1.491202962529372e-05
457.0881896148716,0.06312752092995827,-1.525937536466359e-05
467.7351412871947,0.06312752073397221,-1.56148118219911e-05
478.6300923226348,0.06312752052873116,-1.597852745401866e-05
489.7788193684425,0.0631275203138397,-1.635071510722748e-05
501.1872336272685,0.063127520088796,-1.673157212002524e-05
512.861383991361,0.06312751985316822,-1.712130042742325e-05
524.8074602497686,0.06312751960639366,-1.752010666805553e-05
537.0317963702487,0.06312751934805963,-1.792820229381547e-05
549.5408738576203,0.06312751907746364,-1.834580368181926e-05
562.3413251903447,0.06312751879418284,-1.877313224935109e-05
575.4399373371524,0.06312751849754608,-1.92104145710425e-05
588.8436553555844,0.0631275181869219,-1.965788249911369e-05
602.559586074353,0.063127517861598,-2.011577328626428e-05
616.5950018614773,0.06312751752100047,-2.058432971156225e-05
630.9573444801882,0.06312751716434124,-2.106380020900489e-05
645.6542290346504,0.06312751679090282,-2.155443899935445e-05
660.6934480075907,0.06312751639981543,-2.205650622484262e-05
676.0829753919763,0.063127515990309,-2.257026808720524e-05
691.8309709189309,0.06312751556153549,-2.309599698873809e-05
707.9457843841321,0.06312751511251133,-2.363397167671375e-05
724.4359600749841,0.06312751464230687,-2.418447739122769e-05
741.3102413009113,0.06312751414999312,-2.474780601645012e-05
758.5775750291774,0.06312751363445994,-2.532425623524057e-05
776.2471166286851,0.06312751309460465,-2.591413368766486e-05
794.3282347242747,0.06312751252937672,-2.651775113301321e-05
812.8305161640923,0.06312751193746427,-2.713542861547022e-05
831.7637711026639,0.06312751131763926,-2.776749363399952e-05
851.1380382023692,0.06312751066866178,-2.841428131595021e-05
870.9635899560732,0.06312750998903821,-2.907613459452926e-05
891.2509381337379,0.06312750927739411,-2.975340439090761e-05
912.0108393559019,0.06312750853223545,-3.04464498001032e-05
933.254300796983,0.06312750775194366,-3.115563828136254e-05
954.9925860214277,0.06312750693483581,-3.188134585301465e-05
977.2372209558022,0.06312750607929141,-3.262395729195496e-05
999.9999999999912,0.06312750518338782,-3.338386633733591e-05
1023.292992280745,0.06312750424526997,-3.416147589962959e-05
1047.12854805089,0.06312750326294599,-3.49571982740799e-05
1071.519305237597,0.06312750223432616,-3.577145535931432e-05
1096.478196143175,0.06312750115721391,-3.660467888102246e-05
1122.018454301953,0.06312750002933805,-3.745731062089257e-05
1148.153621496872,0.06312749884834515,-3.832980265075995e-05
1174.897554939519,0.06312749761166797,-3.922261757228256e-05
1202.264434617402,0.06312749631668363,-4.013622876221702e-05
1230.26877081237,0.0631274949606922,-4.107112062345805e-05
1258.925411794156,0.06312749354082965,-4.202778884173587e-05
1288.249551693122,0.06312749205402339,-4.300674064833959e-05
1318.256738556395,0.06312749049713196,-4.400849508925166e-05
1348.962882591641,0.06312748886688206,-4.503358330015542e-05
1380.384264602872,0.06312748715981659,-4.608254878807503e-05
1412.537544622741,0.06312748537224944,-4.715594771937363e-05
1445.439770745914,0.063127483500507,-4.825434921491016e-05
1479.108388168193,0.06312748154049695,-4.937833565134017e-05
1513.561248436194,0.06312747948812233,-5.052850297018845e-05
1548.816618912467,0.06312747733899511,-5.170546099356624e-05
1584.893192461099,0.06312747508864146,-5.290983374769929e-05
1621.810097358915,0.06312747273221581,-5.41422597933224e-05
1659.586907437545,0.06312747026470736,-5.540339256453288e-05
1698.243652461728,0.06312746768093268,-5.669390071517278e-05
1737.800828749359,0.06312746497540027,-5.801446847304892e-05
1778.279410038906,0.06312746214237638,-5.936579600288786e-05
1819.700858609966,0.06312745917580946,-6.074859977722781e-05
1862.087136662849,0.06312745606935663,-6.216361295638881e-05
1905.460717963228,0.06312745281655657,-6.36115857773633e-05
1949.844599758026,0.06312744941050563,-6.509328595096094e-05
1995.26231496886,0.06312744584386927,-6.660949906886962e-05
2041.737944669509,0.06312744210923091,-6.816102902061893e-05
2089.296130854019,0.06312743819855315,-6.974869841881291e-05
2137.962089502211,0.06312743410351142,-7.137334903573862e-05
2187.761623949531,0.06312742981549373,-7.303584224956959e-05
2238.721138568317,0.0631274253254189,-7.473705950066569e-05
2290.86765276775,0.06312742062371088,-7.647790275869503e-05
2344.228815319898,0.06312741570043851,-7.825929500101432e-05
2398.832919019466,0.06312741054515138,-8.008218070162785e-05
2454.708915685005,0.0631274051468866,-8.194752633165902e-05
2511.886431509554,0.06312739949420912,-8.385632087186267e-05
2570.395782768837,0.0631273935751806,-8.580957633653945e-05
2630.267991895354,0.06312738737709969,-8.780832830965901e-05
2691.534803926887,0.06312738088691389,-8.985363649434671e-05
2754.228703338138,0.06312737409090946,-9.19465852738714e-05
2818.382931264424,0.06312736697465522,-9.408828428635156e-05
2884.031503126575,0.06312735952296969,-9.627986901272219e-05
2951.209226666354,0.06312735172011287,-9.852250137884059e-05
3019.951720401984,0.06312734354954645,-0.0001008173703707769
3090.295432513557,0.06312733499386779,-0.0001031656926646545
3162.277660168345,0.06312732603502806,-0.0001055687132720527
3235.936569296248,0.06312731665391573,-0.0001080277061984412
3311.311214825875,0.06312730683073342,-0.0001105439751196797
3388.441561391989,0.06312729654458449,-0.0001131188540712688
3467.368504525279,0.06312728577367395,-0.0001157537081559895
3548.133892335716,0.06312727449514242,-0.0001184499342666449
3630.780547700973,0.06312726268507717,-0.0001212089618262617
3715.352290971684,0.06312725031843815,-0.0001240322535451794
3801.89396320557,0.06312723736899101,-0.0001269213061957214
3890.451449942763,0.06312722380924128,-0.0001298776514050482
3981.071705534928,0.0631272096104547,-0.0001329028564665411
4073.802778041082,0.06312719474252305,-0.0001359985251695719
4168.693834703307,0.06312717917384944,-0.0001391662986487315
4265.795188015879,0.06312716287149721,-0.000142407856253583
4365.15832240161,0.06312714580084672,-0.0001457249164369255
4466.835921509581,0.06312712792565986,-0.0001491192376653227
4570.881896148699,0.06312710920809729,-0.0001525926193501457
4677.351412871929,0.06312708960839564,-0.0001561469027997413
4786.300923226329,0.06312706908503499,-0.0001597839721945862
4897.788193684407,0.06312704759438979,-0.0001635057555841645
5011.872336272666,0.06312702509100568,-0.0001673142259085218
5128.61383991359,0.06312700152705403,-0.0001712114020409373
5248.074602497666,0.0631269768525704,-0.0001751993498573929
5370.317963702466,0.0631269510152844,-0.0001792801833298029
5495.408738576182,0.06312692396032916,-0.0001834560656435614
5623.413251903426,0.06312689563028913,-0.0001877292103426502
5754.399373371502,0.06312686596519863,-0.0001921018825011539
5888.436553555821,0.06312683490207638,-0.0001965763999201353
6025.595860743507,0.06312680237499926,-0.0002011551343540327
6165.950018614749,0.06312676831503593,-0.0002058405127652722
6309.573444801857,0.06312673264992121,-0.0002106350186069145
6456.542290346478,0.06312669530432578,-0.0002155411931369655
6606.934480075881,0.06312665619841955,-0.000220561636757519
6760.829753919737,0.06312661524953275,-0.0002256990103951369
6918.309709189281,0.06312657237082397,-0.0002309560369032262
7079.457843841294,0.06312652747140399,-0.0002363355025021703
7244.359600749813,0.06312648045603859,-0.0002418402582502122
7413.102413009085,0.06312643122506283,-0.0002474732215499249
7585.775750291745,0.06312637967389059,-0.0002532373776883245
7762.471166286822,0.06312632569333768,-0.0002591357814146662
7943.282347242717,0.06312626916938252,-0.0002651715585535914
8128.305161640892,0.06312620998107477,-0.0002713479076464384
8317.637711026608,0.06312614800346809,-0.0002776681016530176
8511.380382023659,0.06312608310512488,-0.0002841354896689553
8709.635899560699,0.06312601514832888,-0.0002907534986934067
8912.509381337344,0.06312594398905322,-0.0002975256354382624
9120.108393558983,0.06312586947630507,-0.0003044554881741814
9332.543007969793,0.0631257914521447,-0.0003115467286240755
9549.925860214238,0.0631257097510293,-0.0003188031138953353
9772.372209557981,0.06312562419969342,-0.0003262284884605469
9999.999999999871,0.06312553461677638,-0.0003338267861811312
10232.92992280741,0.063125440812231,-0.0003416020323772382
10471.28548050886,0.06312534258718325,-0.0003495583459473509
10715.19305237592,0.06312523973327284,-0.0003576999415331314
10964.78196143171,0.06312513203247125,-0.0003660311317369733
11220.18454301949,0.06312501925643747,-0.00037455632938807
11481.53621496868,0.06312490116581265,-0.0003832800498591757
11748.97554939514,0.06312477751028278,-0.000392206913440652
12022.64434617397,0.06312464802764434,-0.0004013416477641366
12302.68770812365,0.06312451244334606,-0.0004106890902834185
12589.25411794151,0.06312437046987056,-0.000420254190810256
12882.49551693117,0.06312422180622339,-0.0004300420141098375
13182.5673855639,0.06312406613697774,-0.0004400577425496718
13489.62882591636,0.06312390313234448,-0.0004503066788244956
13803.84264602866,0.06312373244657822,-0.0004607942487152836
14125.37544622735,0.06312355371778777,-0.0004715260039356026
14454.39770745908,0.06312336656713828,-0.0004825076250313553
14791.08388168187,0.063123170597652,-0.0004937449243437245
15135.61248436188,0.06312296539383566,-0.0005052438490460138
15488.1661891246,0.06312275052073686,-0.0005170104842434414
15848.93192461092,0.06312252552278128,-0.0005290510561419186
16218.10097358908,0.06312228992299075,-0.0005413719352902492
16595.86907437538,0.06312204322191246,-0.0005539796398932728
16982.43652461721,0.06312178489653013,-0.0005668808391977242
17378.00828749351,0.06312151439969073,-0.0005800823569602563
17782.79410038898,0.06312123115714088,-0.0005935911749684477
18197.00858609958,0.06312093456894567,-0.0006074144366825902
18620.87136662842,0.06312062400641563,-0.0006215594509157712
19054.60717963221,0.063120298811322,-0.000636033695615708
19498.44599758018,0.06311995829466327,-0.0006508448217279416
19952.62314968852,0.06311960173429895,-0.0006660006571289727
20417.37944669501,0.06311922837465329,-0.0006815092106710166
20892.9613085401,0.06311883742458643,-0.0006973786762973527
21379.62089502202,0.06311842805576499,-0.0007136174372424358
21877.61623949522,0.06311799940033028,-0.0007302340703274391
22387.21138568308,0.0631175505502224,-0.0007472373503628827
22908.6765276774,0.06311708055447324,-0.000764636254620964
23442.28815319889,0.0631165884174152,-0.0007824399674175519
23988.32919019456,0.06311607309634149,-0.0008006578847843223
24547.08915684995,0.06311553349871181,-0.0008192996192319304
25118.86431509544,0.06311496848229758,-0.0008383750046597228
25703.95782768826,0.06311437684957721,-0.0008578941012829335
26302.67991895344,0.06311375734798863,-0.0008778672007589949
26915.34803926876,0.06311310866544259,-0.0008983048313285723
27542.28703338126,0.06311242942771776,-0.0009192177631175676
28183.82931264412,0.06311171819695403,-0.0009406170135473039
28840.31503126564,0.06311097346662213,-0.0009625138528111935
29512.09226666342,0.06311019365982581,-0.0009849198095067493
30199.51720401971,0.06310937712534267,-0.00100784667635999
30902.95432513544,0.0631085221353871,-0.001031306516077337
31622.77660168332,0.06310762687935985,-0.001055311667247
32359.36569296234,0.06310668946330469,-0.001079874750471294
33113.11214825861,0.06310570790196164,-0.001105008674471161
33884.41561391974,0.06310468011898235,-0.00113072664246513
34673.68504525264,0.06310360393984696,-0.001157042158532582
35481.33892335701,0.06310247708681341,-0.001183969034144636
36307.80547700958,0.06310129717725306,-0.001211521394861996
37153.52290971669,0.063100061714453,-0.001239713687031502
38018.93963205554,0.0630987680856708,-0.001268560684736911
38904.51449942747,0.06309741355571132,-0.001298077496786083
39810.71705534912,0.06309599526069412,-0.001328279573824212
40738.02778041065,0.06309451020264667,-0.001359182715615372
41686.9383470329,0.06309295524227802,-0.001390803078337657
42657.95188015862,0.0630913270939132,-0.001423157182129307
43651.58322401593,0.06308962231743814,-0.001456261918640423
44668.35921509562,0.06308783731069786,-0.001490134558750606
45708.8189614868,0.06308596830432824,-0.001524792760415981
46773.51412871909,0.06308401135160752,-0.001560254576575348
47863.00923226309,0.0630819623202977,-0.001596538463159609
48977.88193684386,0.0630798168865238,-0.001633663287337449
50118.72336272644,0.06307757052139736,-0.001671648335599408
51286.13839913568,0.06307521848640026,-0.001710513322268176
52480.74602497643,0.06307275582040188,-0.001750278397834972
53703.17963702443,0.06307017733111912,-0.001790964157516668
54954.08738576159,0.06306747758173749,-0.001832591649821679
56234.13251903402,0.06306465088304647,-0.001875182385295783
57543.99373371479,0.06306169127888618,-0.00191875834520496
58884.36553555797,0.06305859253696189,-0.001963341990469715
60255.95860743483,0.06305534813279319,-0.002008956270404438
61659.50018614724,0.06305195123735968,-0.002055624631672328
63095.73444801832,0.06304839470388106,-0.002103371027243163
64565.42290346453,0.063044671052228,-0.002152219925379111
66069.34480075855,0.06304077245563203,-0.0022021963186353
67608.2975391971,0.0630366907194059,-0.002253325732662706
69183.09709189254,0.06303241727115574,-0.002305634235417759
70794.57843841266,0.06302794313787349,-0.002359148445883376
72443.59600749785,0.06302325893157637,-0.002413895543091368
74131.02413009056,0.0630183548259997,-0.002469903274757495
75857.75750291716,0.06301322054231198,-0.002527199966167352
77624.71166286792,0.06300784532148675,-0.002585814528535897
79432.82347242687,0.06300221790890154,-0.002645776467716002
81283.05161640861,0.06299632652820213,-0.002707115892291407
83176.37711026576,0.06299015885898399,-0.002769863521754254
85113.80382023628,0.06298370201055513,-0.002834050694293086
87096.35899560666,0.06297694249769542,-0.002899709374405619
89125.09381337311,0.06296986621398794,-0.002966872160318438
91201.0839355895,0.06296245840291473,-0.003035572290756017
93325.43007969759,0.0629547036283505,-0.003105843651675121
95499.25860214204,0.06294658574651101,-0.0031777207824014
97723.72209557948,0.06293808787113518,-0.003251238881220459
99999.99999999837,0.06292919234197063,-0.003326433810651546
102329.2992280737,0.0629198806908728,-0.003403342101999243
104712.8548050882,0.06291013360466977,-0.003482000959226323
107151.9305237589,0.06289993088910088,-0.003562448262306583
109647.8196143167,0.06288925142945401,-0.003644722569564285
112201.8454301945,0.0628780731498787,-0.003728863119303961
114815.3621496864,0.06286637297133399,-0.003814909830532392
117489.755493951,0.06285412676781353,-0.003902903302426721
120226.4434617393,0.0628413093231566,-0.003992884813217559
123026.8770812361,0.06282789427910268,-0.004084896317080584
125892.5411794146,0.06281385409219505,-0.004178980440633633
128824.9551693113,0.06279915997680144,-0.004275180477053472
131825.6738556385,0.06278378185676159,-0.004373540379444349
134896.2882591631,0.06276768830948828,-0.004474104752225511
138038.4264602862,0.06275084650681734,-0.004576918840436504
141253.7544622731,0.06273322216085078,-0.004682028517855557
144543.9770745904,0.06271477945783897,-0.004789480272017475
147910.8388168183,0.06269548099818026,-0.004899321187797838
151356.1248436183,0.06267528773018381,-0.005011598928186597
154881.6618912456,0.0626541588829124,-0.005126361712542158
158489.3192461087,0.06263205189802781,-0.005243658292150961
162181.0097358903,0.06260892235283017,-0.005363537922271082
165958.6907437533,0.06258472389294725,-0.005486050331776346
169824.3652461716,0.0625594081504957,-0.005611245688619023
173780.0828749346,0.06253292466754687,-0.005739174561864367
177827.9410038893,0.06250522081583362,-0.005869887880088488
181970.0858609953,0.06247624171240172,-0.006003436884932272
186208.7136662836,0.06244593013453108,-0.0061398730806802
190546.0717963215,0.0624142264335737,-0.006279248178897627
194984.4599758012,0.06238106844287253,-0.006421614037730796
199526.2314968846,0.06234639138944278,-0.006567022596280021
204173.7944669495,0.06231012779809646,-0.006715525802803893
208929.6130854004,0.06227220739796614,-0.006867175537012391
213796.2089502196,0.06223255702467297,-0.007022023525624655
218776.1623949515,0.06219110052427998,-0.007180121251794003
223872.1138568301,0.0621477586493492,-0.007341519855952939
229086.7652767734,0.06210244896483443,-0.007506270030723993
234422.8815319882,0.062055085741265,-0.007674421906033159
239883.2919019449,0.06200557985672076,-0.007846024927207481
245470.8915684988,0.06195383869369839,-0.008021127723024182
251188.6431509537,0.06189976603460424,-0.008199777964364927
257039.5782768819,0.06184326196830391,-0.008382022214733376
263026.7991895336,0.06178422278080316,-0.008567905767305159
269153.4803926869,0.06172254086378491,-0.008757472474294823
275422.8703338119,0.06165810461560086,-0.008950764563101003
281838.2931264405,0.06159079834736785,-0.009147822441195736
288403.1503126556,0.06152050219381534,-0.009348684489058085
295120.9226666334,0.06144709202778587,-0.009553386840110575
301995.1720401964,0.0613704393773445,-0.009761963147416869
309029.5432513537,0.06129041135266868,-0.009974444337294006
316227.7660168324,0.06120687057713321,-0.01019085834848369
323593.6569296226,0.06111967512634729,-0.01041122985701105
331131.1214825853,0.06102867847656768,-0.01063557998667462
338844.1561391967,0.06093372946595881,-0.01086392600463805
346736.8504525256,0.06083467225986339,-0.01109628100062214
354813.3892335693,0.06073134633931054,-0.01133265355295541
363078.054770095,0.06062358649557264,-0.01157304737702389
371535.229097166,0.06051122284123603,-0.0118174609587752
380189.3963205545,0.06039408084751861,-0.01206588717443957
389045.1449942738,0.06027198138740072,-0.01231831289227823
398107.1705534903,0.06014474081123746,-0.01257471856158804
407380.2778041056,0.06001217103889658,-0.01283507778645337
416869.3834703281,0.05987407968160557,-0.01309935688596907
426579.5188015852,0.05973027018668247,-0.01336751444121177
436515.8322401583,0.05958054201333091,-0.01363950082976062
446683.5921509552,0.05942469084114954,-0.01391525775054148
457088.1896148669,0.05926250881124192,-0.01419471773775051
467735.1412871899,0.05909378480368749,-0.01447780366837031
478630.0923226299,0.05891830475218043,-0.01476442826219888
489778.8193684375,0.05873585200137307,-0.0150544935793928
501187.2336272634,0.05854620770697657,-0.01534789051647082
512861.3839913558,0.058349151278595,-0.01564449830288354
524807.4602497633,0.05814446087148178,-0.01594418400350146
537031.7963702432,0.05793191392951298,-0.01624680202842605
549540.8738576148,0.05771128777484342,-0.01655219365444343
562341.3251903391,0.05748236025331402,-0.01686018656285652
575439.9373371467,0.05724491043347675,-0.01717059439765405
588843.6553555785,0.05699871935931185,-0.01748321634848322
602559.586074347,0.05674357086101149,-0.01779783676523634
616595.0018614712,0.05647925242102873,-0.01811422480781973
630957.344480182,0.05620555609428345,-0.01843213413715984
645654.2290346441,0.05592227948752582,-0.01875130265619044
660693.4480075843,0.05562922678959173,-0.01907145230306819
676082.9753919698,0.05532620985738986,-0.01939228890744741
691830.9709189242,0.0550130493476178,-0.01971350211283243
707945.7843841253,0.05468957590133953,-0.02003476537551549
724435.9600749771,0.05435563136504648,-0.02035573604339241
741310.2413009043,0.05401107005164055,-0.02067605552423724
758577.5750291703,0.05365576003692818,-0.02099534954994562
776247.1166286779,0.05328958447724699,-0.02131322854183478
794328.2347242674,0.05291244294609278,-0.02162928808358896
812830.5161640848,0.05252425278184052,-0.02194310950948376
831763.7711026561,0.0521249504338724,-0.02225426061027229
851138.0382023612,0.05171449279725614,-0.02256229646195947
870963.5899560649,0.05129285853078736,-0.02286676038420469
891250.9381337294,0.05086004933420826,-0.02316718502409502
912010.8393558932,0.05041609118464228,-0.02346309357341229
933254.3007969741,0.04996103551125346,-0.02375400111690914
954992.5860214186,0.04949496029647873,-0.02403941610883514
977237.2209557928,0.0490179710891087,-0.0243188419773336
999999.9999999817,0.04853020191516023,-0.02459177885168973
1023292.992280735,0.04803181607376576,-0.02485772540616597
1047128.54805088,0.04752300679855639,-0.02511618081161136
1071519.305237587,0.04700399777633389,-0.02536664678673929
1096478.196143165,0.04647504350867006,-0.0256086297383559
1122018.454301943,0.04593642950146629,-0.0258416429752419
1148153.621496861,0.04538847227371435,-0.02606520898158954
1174897.554939508,0.04483151917486882,-0.02627886173438404
1202264.43461739,0.04426594800214516,-0.02648214904534182
1230268.770812358,0.04369216641543887,-0.02667463491155712
1258925.411794143,0.04311061113796344,-0.02685590184815806
1288249.55169311,0.04252174694734742,-0.02702555318808941
1318256.738556382,0.0419260654559258,-0.0271832153247801
1348962.882591628,0.04132408368285512,-0.02732853987530042
1380384.264602859,0.04071634242022325,-0.02746120574044216
1412537.544622727,0.04010340440846383,-0.02758092104548811
1445439.7707459,0.03948585232622945,-0.02768742493450367
1479108.388168179,0.03886428660801253,-0.02778048920185654
1513561.248436179,0.03823932311030012,-0.02785991974245828
1548816.618912452,0.03761159063696583,-0.02792555780229049
1584893.192461083,0.03698172835067892,-0.02797728101736724
1621810.097358899,0.03635038308624748,-0.02801500422468481
1659586.907437529,0.03571820659356868,-0.02803868004095698
1698243.652461712,0.03508585273074327,-0.0280482991959452
1737800.828749342,0.03445397463594993,-0.02804389062266829
1778279.410038889,0.03382322189912462,-0.02802552129659494
1819700.858609949,0.03319423776157353,-0.02799329583041429
1862087.136662832,0.03256765636924996,-0.02794735582793923
1905460.717963211,0.03194410009939366,-0.02788787900250233
1949844.599758008,0.03132417698859968,-0.02781507807324656
1995262.314968841,0.03070847827962254,-0.02772919944889299
2041737.94466949,0.03009757610890876,-0.02763052171635183
2089296.130853999,0.02949202135056997,-0.02751935394842701
2137962.089502191,0.02889234163453269,-0.02739603385339304
2187761.62394951,0.02829903954903234,-0.02726092578118224
2238721.138568296,0.02771259103934047,-0.027114418610862
2290867.652767729,0.02713344401027623,-0.02695692354024465
2344228.815319877,0.02656201713647846,-0.02678887179761783
2398832.919019444,0.02599869888591987,-0.02661071230156298
2454708.915684983,0.02544384675170185,-0.02642290928448165
2511886.431509531,0.02489778669611613,-0.02622593990780229
2570395.782768813,0.02436081279616834,-0.02602029188211969
2630267.99189533,0.02383318708890493,-0.02580646111619411
2691534.803926863,0.0233151396059298,-0.02558494941043299
2754228.703338112,0.02280686858709748,-0.02535626220933604
2818382.931264398,0.02230854086293102,-0.02512090643079017
2884031.503126549,0.02182029239326114,-0.0248793883813431
2951209.226666328,0.02134222894923865,-0.02463221177216442
3019951.720401957,0.02087442692325758,-0.02437987583987693
3090295.432513529,0.02041693425569187,-0.02412287358512667
3162277.660168317,0.01996977146119028,-0.02386169012986208
3235936.569296218,0.01953293274342579,-0.02359680120149108
3311311.214825845,0.0191063871795484,-0.0233286717401947
3388441.561391958,0.01869007996845903,-0.02305775463957717
3467368.504525247,0.01828393372112949,-0.02278448960971347
3548133.892335684,0.01788784978727643,-0.02250930216861408
3630780.547700941,0.01750170960446083,-0.02223260275669631
3715352.290971651,0.01712537605794856,-0.0219547859693305
3801893.963205536,0.01675869484403173,-0.02167622990575302
3890451.449942728,0.01640149582530708,-0.02139729562662683
3981071.705534893,0.01605359437137192,-0.02111832671461398
4073802.778041046,0.01571479267877816,-0.0208396489353546
4168693.83470327,0.01538488106196089,-0.02056156998705711
4265795.188015841,0.01506363921255465,-0.02028437933691997
4365158.322401572,0.01475083742000398,-0.02000834813367879
4466835.921509542,0.01444623775373874,-0.01973372919373818
4570881.896148658,0.01414959520037135,-0.01946075705046793
4677351.412871888,0.01386065875719693,-0.01918964806310198
4786300.923226287,0.01357917247867374,-0.01892060057737766
4897788.193684363,0.01330487647677551,-0.01865379513328493
5011872.336272622,0.01303750787399821,-0.0183893947136618
5128613.839913545,0.01277680170983527,-0.01812754502804696
5248074.60249762,0.01252249180284316,-0.0178683748298776
5370317.963702418,0.01227431156585102,-0.0176119962566082
5495408.738576134,0.0120319947810121,-0.01735850519716752
5623413.251903377,0.01179527633149846,-0.01710798167550383
5754399.373371452,0.01156389289497896,-0.01686049025221392
5888436.55355577,0.01133758359915381,-0.01661608043923677
6025595.860743455,0.01111609064179177,-0.01637478712560352
6165950.018614695,0.01089915987855146,-0.01613663101445303
6309573.444801803,0.010686541378084,-0.01590161906597209
6456542.290346422,0.01047798994933731,-0.01566974494957482
6606934.480075824,0.01027326564035169,-0.01544098950046812
6760829.753919679,0.01007213421252214,-0.01521532118406776
6918309.709189222,0.009874367590106731,-0.01499269656445757
7079457.843841233,0.009679744287163146,-0.01477306077902816
7244359.600749752,0.00948804981342782,-0.01455634801977709
7413102.413009022,0.009299077059346369,-0.01434248202022063
7585775.750291681,0.009112626660875702,-0.01413137654926181
7762471.166286756,0.008928507345329873,-0.01392293591307533
7943282.34724265,0.008746536257416051,-0.01371705546483936
8128305.161640823,0.008566539265985676,-0.01351362212383862
8317637.711026536,0.008388351250228668,-0.01331251490327222
8511380.382023586,0.008211816365959766,-0.01311360544940816
8709635.899560623,0.008036788289596202,-0.01291675859031386
8912509.381337266,0.007863130439310011,-0.01272183289559743
9120108.393558905,0.007690716172516559,-0.01252868124781037
9332543.007969713,0.007519428957032167,-0.01233715142406892
9549925.860214157,0.007349162514584015,-0.0121470866877735
9772372.2095579,0.007179820935556811,-0.01195832639098588
9999999.999999788,0.007011318761855234,-0.01177070658468549
10232929.92280732,0.006843581036670519,-0.01158406063638586
10471285.48050877,0.006676543319630572,-0.0113982198541176
10715193.05237583,0.006510151664105162,-0.01121301411275646
10964781.96143162,0.006344362557243223,-0.01102827248310662
11220184.54301939,0.006179142818366106,-0.01084382385761255
11481536.21496858,0.006014469457452425,-0.0106594975730301
11748975.54939504,0.005850329490349256,-0.01047512402402498
12022644.34617387,0.005686719711766226,-0.01029053526587915
12302687.70812355,0.005523646424775239,-0.01010556560129628
12589254.1179414,0.005361125127692944,-0.009920052148146586
12882495.51693106,0.005199180158733902,-0.009733835383589882
13182567.38556379,0.005037844299474119,-0.009546759660362308
13489628.82591625,0.004877158339338137,-0.009358673691710593
13803842.64602855,0.004717170602569494,-0.009169431000088582
14125375.44622724,0.004557936440873839,-0.008978890326330277
14454397.70745896,0.004399517694704012,-0.008786915995430057
14791083.88168175,0.004241982126755056,-0.008593378235466588
15135612.48436175,0.004085402832177829,-0.008398153447249021
15488166.18912448,0.003929857628780294,-0.008201124420685048
15848931.92461079,0.003775428433762995,-0.008002180497857544
16218100.97358895,0.003622200630336449,-0.00780121767933323
16595869.07437524,0.003470262429964219,-0.007598138673206811
16982436.52461707,0.003319704236169157,-0.00739285288704885
17378008.28749337,0.003170618014754618,-0.00718527636233696
17782794.10038884,0.003023096675131159,-0.00697533165134131
18197008.58609944,0.002877233469522084,-0.006762947639303214
18620871.36662827,0.002733121413673659,-0.006548059312253828
19054607.17963205,0.002590852734484794,-0.006330607473489002
19498445.99758003,0.002450518349338671,-0.006110538411599926
19952623.14968836,0.002312207380079839,-0.005887803522401929
20417379.44669485,0.002176006706977981,-0.005662358889655677
20892961.30853994,0.002042000564365119,-0.005434164827189053
21379620.89502185,0.001910270181813296,-0.005203185387423579
21877616.23949505,0.001780893472350085,-0.004969387839986595
22387211.3856829,0.001653944770073999,-0.004732742125226734
22908676.52767723,0.001529494617732944,-0.004493220286372224
23442288.1531987,0.001407609605921008,-0.004250795885615792
23988329.19019438,0.001288352263437237,-0.004005443407371311
24547089.15684976,0.001171780998720943,-0.003757137653109003
25118864.31509525,0.001057950092988629,-0.003505853132294741
25703957.82768807,0.0009469097422480088,-0.003251563451434007
26302679.91895324,0.0008387061491801247,-0.002994240706269097
26915348.03926856,0.0007333816618302277,-0.002733854878661087
27542287.03338105,0.0006309749588296089,-0.002470373241616315
28183829.31264391,0.000531521278347994,-0.002203759774066224
28840315.03126542,0.0004350526902991772,-0.00193397458795742
29512092.2666632,0.0003415984088846295,-0.001660973368298332
30199517.20401949,0.0002511851445056168,-0.0013847068279049
30902954.32513522,0.0001638374935841076,-0.001105120177519445
31622776.60168309,7.957836388062037e-05,-0.0008221526113160321
32359365.6929621,-1.570564400671381e-06,-0.0005357368087185906
33113112.14825837,-7.95883439211019e-05,-0.0002457984517207842
33884415.6139195,-0.0001544542321111897,4.774424228661325e-05
34673685.04525239,-0.0002261471302687952,0.0003449809729128284
35481338.92335676,-0.0002946449890206641,0.0006460097946599276
36307805.47700933,-0.0003599241814144141,0.0009509375419689998
37153522.90971643,-0.0004219588408635681,0.001259880241250174
38018939.63205528,-0.0004807201641455518,0.001572963511550177
38904514.49942719,-0.0005361756774303582,0.001890322954790136
39810717.05534884,-0.0005882884624198656,0.002212104535634106
40738027.78041036,-0.000637016340717186,0.002538464952458096
41686938.34703261,-0.000682311013365201,0.002869571999778928
42657951.88015831,-0.000724117150383851,0.003205604921815479
43651583.22401562,-0.0007623714280498885,0.003546754758090777
44668359.21509531,-0.0007970015071194778,0.003893224679884469
45708818.96148648,-0.0008279249473769059,0.004245230317029908
46773514.12871877,-0.0008550480533191874,0.004603000074090324
47863009.23226276,-0.0008782646419916718,0.004966775433065253
48977881.93684352,-0.0008974547278543486,0.005336811241053001
50118723.36272611,-0.0009124831158125006,0.005713375978887027
51286138.39913534,-0.0009231978933460436,0.006096752006415074
52480746.02497608,-0.0009294288133058302,0.006487235779624505
53703179.63702407,-0.0009309855572725515,0.006885138032782723
54954087.38576122,-0.0009276558679887324,0.007290783917730265
56234132.51903364,-0.0009192035409634931,0.007704513091615264
57543993.73371439,-0.0009053662626018061,0.00812667974156837
58884365.53555757,-0.0008858532823928641,0.008557652533861548
60255958.60743441,-0.0008603429069249241,0.008997814472590571
61659500.18614683,-0.0008284798014176337,0.009447562650394231
63095734.4480179,-0.0007898720859176034,0.009907307871086297
64565422.90346409,-0.0007440882117291103,0.01037747412160479
66069344.80075811,-0.0006906536046450105,0.01085849786607242
67608297.53919666,-0.0006290470610699084,0.0113508271323811
69183097.09189209,-0.0005586968841592415,0.01185492035634323
70794578.4384122,-0.0004789767471376372,0.01237124494433023
72443596.00749739,-0.0003892012749772793,0.01290027551024085
74131024.13009009,-0.000288621332668746,0.01344249173629717
75857757.50291668,-0.000176419016942455,0.01399837580163437
77624711.66286743,-5.170234649411187e-05,0.01456840931511207
79432823.47242635,8.650034574399224e-05,0.01515306968209545
81283051.61640808,0.0002392463115061354,0.01575282582608124
83176377.11026521,0.0004076845628437631,0.01636813317841003
85113803.82023571,0.0005930622992837385,0.01699942783983292
87096358.99560608,0.0007967315535379153,0.01764711980852558
89125093.81337252,0.001020156007230839,0.01831158515991538
91201083.9355889,0.001264917912626225,0.01899315705380557
93325430.07969697,0.001532725038610083,0.0196921154358949
95499258.60214141,0.001825417534479911,0.0204086752920194
97723722.09557883,0.002144974581232011,0.02114297330672033
99999999.99999771,0.00249352066724684,0.02189505277285697
102329299.2280731,0.00287333129102204,0.02266484659670049
104712854.8050875,0.00328683785195796,0.0234521582452814
107151930.5237582,0.003736631445076421,0.02425664048897887
109647819.614316,0.004225465224522579,0.02507777180691656
112201845.4301937,0.00475625494175487,0.02591483034458429
114815362.1496856,0.005332077206091738,0.0267668653461354
117489755.4939502,0.00595616494637901,0.02763266602988788
120226443.4617385,0.006631899486660243,0.02851072793703981
123026877.0812353,0.007362798579526854,0.02939921686362054
125892541.1794138,0.008152499673891492,0.03029593058744711
128824955.1693104,0.009004737636727746,0.03119825872640949
131825673.8556376,0.009923316097954701,0.03210314121825854
134896288.2591622,0.01091207156254621,0.03300702609010069
138038426.4602852,0.01197482942863527,0.03390582739788998
141253754.4622721,0.01311535108626413,0.03479488445260416
144543977.0745893,0.01433727135313322,0.03566892371323662
147910838.8168172,0.01564402564387351,0.03652202500886657
151356124.8436172,0.01703876648247841,0.03734759404308891
154881661.8912444,0.01852426926210558,0.0381383434207801
158489319.2461076,0.02010282754910907,0.03888628469754969
162181009.7358891,0.02177613871513275,0.03958273416635519
165958690.7437521,0.02354518127644255,0.04021833522689794
169824365.2461704,0.02541008600588275,0.04078310020386729
173780082.8749334,0.02737000364977075,0.04126647434738166
177827941.003888,0.02942297289860738,0.04165742442845964
181970085.860994,0.03156579308244396,0.04194455379910185
186208713.6662823,0.03379390683011634,0.04211624499788102
190546071.7963202,0.03610129858060912,0.04216082993326091
194984459.9757999,0.03848041526989586,0.04206678638627863
199526231.4968832,0.04092211566632069,0.04182295807039899
204173794.466948,0.04341565459878913,0.04141879384260275
208929613.0853989,0.04594870764943092,0.04084459997409795
213796208.9502181,0.04850744073387255,0.04009179778329137
218776162.39495,0.051076627354562,0.03915317756381835
223872113.8568285,0.05363981424575051,0.03802313875112471
229086765.2767718,0.0561795337249115,0.03669790581664538
234422881.5319865,0.05867755848218911,0.0351757095658988
239883291.9019432,0.06111519196850305,0.03345692441857996
245470891.5684971,0.06347358520060761,0.03154415386306465
251188643.1509519,0.06573406891016033,0.02944225853272053
257039578.2768801,0.06787848870892785,0.02715832410731559
263026799.1895318,0.06988953046978214,0.02470156928579841
269153480.392685,0.07175102348742363,0.02208319717633869
275422870.3338099,0.07344821018229711,0.01931619633196135
281838293.1264385,0.07496797302726016,0.01641510010533179
288403150.3126535,0.07629901185112729,0.01339571480330416
295120922.6666313,0.07743196747706776,0.01027482817434021
301995172.0401942,0.07835949054951727,0.007069910020992158
309029543.2513515,0.07907625715720729,0.003798816223612413
316227766.0168301,0.07957893526930934,0.0004795063101092172
323593656.9296203,0.07986610792447302,-0.002870216949818118
331131121.4825829,0.07993816045986921,-0.0062329394163885
338844156.1391942,0.07979713981647533,-0.009591834512344057
346736850.4525231,0.07944659414367455,-0.01293082687270884
354813389.2335666,0.07889140062159017,-0.01623472026476209
363078054.7700923,0.07813758872813444,-0.01948929094299677
371535229.0971633,0.07719216521469288,-0.0226813488898177
380189396.3205517,0.07606294592963508,-0.02579877032370381
389045144.9942709,0.07475839844740384,-0.02883050544385416
398107170.5534873,0.07328749830571724,-0.03176656565645171
407380277.8041025,0.071659600585799,-0.03459799454912967
416869383.4703249,0.06988432763575136,-0.03731682668741093
426579518.8015819,0.06797147295580491,-0.03991603797241721
436515832.240155,0.06593092064380843,-0.04238949086264948
446683592.1509519,0.06377257933675791,-0.04473187727525461
457088189.6148635,0.06150632926470066,-0.04693866147843938
467735141.2871864,0.05914198083759084,-0.04900602479662748
478630092.3226262,0.05668924309652383,-0.05093081349087501
489778819.3684338,0.05415770035422447,-0.05271049076294686
501187233.6272596,0.0515567954062241,-0.05434309347120039
512861383.9913518,0.04889581779950947,-0.05582719383780403
524807460.2497592,0.0461838957803344,-0.05716186617349573
537031796.370239,0.04342999069786961,-0.05834665844308171
549540873.8576105,0.04064289280510746,-0.05938156833638063
562341325.1903347,0.03783121756453624,-0.06026702339321294
575439937.3371422,0.03500340173016797,-0.0610038646484316
588843655.3555739,0.03216769863249254,-0.06159333321282424
602559586.0743423,0.02933217223983087,-0.06203705917903504
616595001.8614663,0.02650468970393575,-0.06233705223730337
630957344.4801769,0.02369291221999785,-0.0624956933990982
645654229.0346388,0.02090428414130326,-0.06251572725314508
660693448.0075788,0.01814602038478362,-0.06240025421799197
676082975.3919642,0.01542509224836008,-0.06215272230235967
691830970.9189185,0.01274821183245932,-0.06177691793999458
707945784.3841195,0.01012181531727642,-0.06127695552580894
724435960.0749712,0.007552045395506657,-0.06065726534473236
741310241.3008982,0.005044733195921249,-0.05992257965092786
758577575.029164,0.002605380059356619,-0.05907791672299545
776247116.6286714,0.0002391395423752369,-0.05812856278846179
794328234.7242607,-0.002049199970427438,-0.05708005177734522
812830516.1640779,-0.004255231669772103,-0.05593814292849671
831763771.1026491,-0.006374945378849414,-0.0547087963335808
851138038.2023541,-0.008404740923560299,-0.05339814655960359
870963589.9560577,-0.01034143950478214,-0.05201247454248513
891250938.1337219,-0.01218229279695231,-0.05055817798920796
912010839.3558856,-0.01392498953798968,-0.04904174056477872
933254300.7969663,-0.01556765942120697,-0.04746970017164204
954992586.0214106,-0.01710887414823163,-0.04584861665282442
977237220.9557847,-0.01854764555224834,-0.04418503926635912
999999999.9999734,-0.01988342075282652,-0.04248547428620713
1023292992.280727,-0.02111607435415737,-0.04075635308570339
1047128548.050872,-0.02224589774876182,-0.03900400105191011
1071519305.237578,-0.02327358563555956,-0.03723460766538897
1096478196.143156,-0.02420021990504029,-0.03545419805919772
1122018454.301933,-0.0250272510841323,-0.03366860634434305
1148153621.496852,-0.02575647756736438,-0.0318834509580148
1174897554.939498,-0.02639002289034035,-0.03010411225538268
1202264434.617381,-0.02693031132450711,-0.02833571252765099
1230268770.812348,-0.0273800420889519,-0.02658309858885665
1258925411.794133,-0.02774216248593976,-0.0248508270325386
1288249551.693099,-0.02801984027147037,-0.02314315221801135
1318256738.556371,-0.02821643557060508,-0.02146401700572763
1348962882.591617,-0.02833547264100613,-0.01981704622201862
1380384264.602847,-0.02838061177596701,-0.01820554279733736
1412537544.622716,-0.02835562162214831,-0.01663248648858204
1445439770.745888,-0.02826435216728139,-0.01510053506609786
1479108388.168167,-0.02811070862974057,-0.01361202782005786
1513561248.436167,-0.02789862645651187,-0.01216899121894256
1548816618.912439,-0.02763204760868395,-0.01077314653532654
1584893192.46107,-0.02731489828531723,-0.00942591924079903
1621810097.358885,-0.02695106820789559,-0.008128449962879343
1659586907.437515,-0.02654439155905224,-0.006881606791689802
1698243652.461697,-0.02609862964163174,-0.005685998723024316
1737800828.749327,-0.02561745529770101,-0.004541990026566941
1778279410.038874,-0.02510443910230451,-0.003449715333493625
1819700858.609933,-0.02456303732389527,-0.00240909524573846
1862087136.662816,-0.02399658162273987,-0.001419852279544705
1905460717.963194,-0.02340827044025156,-0.0004815269682392885
1949844599.757991,-0.02280116201637455,0.0004065060372380418
1995262314.968824,-0.02217816895875197,0.001245022016613718
2041737944.669473,-0.02154205427651272,0.002034930508687633
2089296130.853981,-0.02089542878294111,0.002777260035253341
2137962089.502173,-0.02024074976505809,0.003473143320344799
2187761623.949492,-0.01958032081395773,0.004123803088954278
2238721138.568277,-0.01891629270752071,0.004730538514553983
2290867652.767709,-0.01825066523666824,0.005294712370285211
2344228815.319856,-0.01758528986736885,0.005817738925388949
2398832919.019423,-0.01692187313302769,0.006301072615904058
2454708915.684961,-0.01626198065542364,0.00674619750725109
2511886431.50951,-0.01560704169681468,0.007154617556052733
2570395782.768792,-0.01495835415106382,0.007527847669318959
2630267991.895308,-0.01431708988738395,0.007867405551117907
2691534803.92684,-0.01368430036648296,0.008174804319904744
2754228703.338089,-0.01306092245531289,0.008451545873780782
2818382931.264374,-0.01244778437316016,0.008699114976140999
2884031503.126524,-0.0118456117083568,0.008918974030240279
2951209226.666302,-0.0112550334513624,0.009112558508157859
3019951720.40193,-0.01067658799621486,0.009281272997459043
3090295432.513503,-0.01011072906841902,0.009426487827297488
3162277660.168289,-0.009557831543055156,0.009549536234878416
3235936569.29619,-0.009018197122319053,0.009651712032880937
3311311214.825816,-0.008492059846747248,0.009734267738638865
3388441561.391928,-0.007979591419045778,0.009798413126490421
3467368504.525217,-0.007480906323736441,0.009845314165649321
3548133892.335652,-0.006996066729710402,0.009876092307208935
3630780547.700909,-0.006525087166302492,0.009891824085342307
3715352290.971618,-0.006067938966623802,0.00989354099941955
3801893963.205502,-0.005624554474671789,0.009882229645526836
3890451449.942693,-0.005194831015169116,0.009858832067732038
3981071705.534857,-0.004778634627191345,0.009824246301358884
4073802778.041009,-0.004375803564459378,0.009779327082453071
4168693834.703233,-0.003986151566705563,0.009724886699552212
4265795188.015802,-0.00360947090779479,0.00966169596576678
4365158322.401532,-0.003245535227339225,0.009590485291025333
4466835921.509501,-0.002894102153369394,0.009511945836125158
4570881896.148617,-0.002554915724284559,0.009426730731940841
4677351412.871845,-0.002227708618781715,0.009335456348777625
4786300923.226243,-0.001912204202792107,0.009238703602400328
4897788193.684319,-0.001608118402669755,0.009137019284719236
5011872336.272576,-0.001315161413958584,0.009030917408475444
5128613839.913499,-0.001033039255069723,0.008920880556532618
5248074602.497573,-0.0007614551751135329,0.008807361227550492
5370317963.702371,-0.0005001109249707626,0.008690783170900475
5495408738.576085,-0.0002487079004925224,0.008571542704666788
5623413251.903326,-6.948166448650004e-06,0.008450010011485863
5754399373.371401,0.0002254646304404857,0.008326530407797636
5888436553.555717,0.0004488244513735042,0.008201425582825453
6025595860.743402,0.0006634221505708178,0.008074994804273684
6165950018.614641,0.0008695448482851626,0.007947516088332281
6309573444.801747,0.001067475384773843,0.007819247332116456
6456542290.346366,0.001257491848641323,0.007690427407146004
6606934480.075767,0.00143986717333342,0.007561277212891189
6760829753.91962,0.001614868795932065,0.007432000689784123
6918309709.189162,0.001782758372750494,0.007302785791417606
7079457843.841171,0.001943791546583448,0.007173805415937519
7244359600.749688,0.002098217760807242,0.007045218296875272
7413102413.008958,0.002246280115845357,0.006917169853877245
7585775750.291615,0.002388215263837405,0.006789793003962536
7762471166.28669,0.002524253337648517,0.006663208934089167
7943282347.242582,0.002654617910639104,0.00653752783593012
8128305161.640754,0.002779525983891965,0.006412849603860626
8317637711.026465,0.002899187997852892,0.006289264497236136
8511380382.023514,0.003013807865578357,0.006166853768102758
8709635899.560549,0.003123583025019318,0.006045690255525721
8912509381.337191,0.003228704507983591,0.005925838947753817
9120108393.558826,0.003329357023618789,0.005807357513456813
9332543007.969633,0.003425719054448623,0.005690296803281612
9549925860.214075,0.003517962963170823,0.005574701322972409
9772372209.557816,0.003606255108587587,0.005460609679292557
10000000000,0.003690755969189837,0.005348054999971628
