net21 X,net21 YRe,net21 YReImag
1,-498.431486627983,0.00110401744394935
1.023292992280754,-498.4314866278373,0.001148450162127679
1.047128548050899,-498.4314866276808,0.001193491803783457
1.071519305237606,-498.4314866274028,0.001239166250590733
1.096478196143185,-498.4314866271681,0.001285497719746577
1.122018454301963,-498.4314866269212,0.001332510776808927
1.148153621496882,-498.4314866266614,0.001380230348722921
1.174897554939529,-498.4314866264436,0.001428681737037544
1.202264434617413,-498.4314866260739,0.001477890631319107
1.230268770812381,-498.4314866258,0.001527883122776109
1.258925411794167,-498.4314866254558,0.001578685718088308
1.288249551693134,-498.4314866250957,0.001630325353464453
1.318256738556407,-498.4314866248571,0.00168282940892373
1.348962882591653,-498.4314866243805,0.001736225722808878
1.380384264602885,-498.4314866240513,0.001790542606554902
1.412537544622754,-498.4314866236481,0.001845808859691026
1.445439770745927,-498.43148662317,0.001902053785116151
1.479108388168207,-498.4314866228091,0.001959307204635665
1.513561248436208,-498.4314866222614,0.00201759947476808
1.548816618912481,-498.4314866217736,0.002076961502848571
1.584893192461113,-498.4314866213176,0.002137424763409944
1.621810097358929,-498.4314866207265,0.002199021314871861
1.65958690743756,-498.4314866201097,0.002261783816542159
1.698243652461743,-498.4314866195762,0.002325745545930945
1.737800828749374,-498.431486618904,0.002390940416391751
1.778279410038922,-498.4314866182023,0.002457402995108844
1.819700858609982,-498.4314866175802,0.002525168521422236
1.862087136662866,-498.4314866168704,0.002594272925509382
1.905460717963246,-498.4314866161819,0.00266475284744107
1.949844599758044,-498.4314866154028,0.002736645656603683
1.995262314968878,-498.4314866144762,0.002809989471515532
2.041737944669527,-498.4314866136764,0.002884823180041167
2.089296130854037,-498.4314866127808,0.0029611864600009
2.13796208950223,-498.4314866118426,0.003039119800217121
2.18776162394955,-498.4314866108599,0.003118664521978338
2.238721138568337,-498.4314866098857,0.003199862800949602
2.29086765276777,-498.4314866086972,0.003282757689530338
2.344228815319919,-498.4314866076507,0.003367393139692306
2.398832919019488,-498.4314866064956,0.003453814026268171
2.454708915685027,-498.4314866052018,0.003542066170755477
2.511886431509577,-498.4314866038493,0.003632196365610386
2.57039578276886,-498.4314866024355,0.003724252399055147
2.630267991895378,-498.4314866010677,0.00381828308041882
2.691534803926912,-498.4314865995775,0.00391433826601083
2.754228703338163,-498.4314865979618,0.004012468885561862
2.81838293126445,-498.4314865963274,0.004112726969226904
2.884031503126602,-498.4314865946158,0.004215165675168124
2.951209226666381,-498.4314865928234,0.004319839317743199
3.019951720402012,-498.4314865908912,0.004426803396301914
3.090295432513586,-498.4314865889256,0.004536114624616315
3.162277660168374,-498.4314865869222,0.004647830960946558
3.235936569296277,-498.4314865847115,0.004762011638769715
3.311311214825905,-498.4314865824542,0.004878717198195416
3.38844156139202,-498.4314865800903,0.004998009518054943
3.46736850452531,-498.4314865775873,0.005119951848714583
3.548133892335748,-498.4314865749124,0.005244608845611338
3.630780547701007,-498.4314865722256,0.0053720466035383
3.715352290971718,-498.4314865693555,0.005502332691677872
3.801893963205605,-498.4314865663238,0.005635536189438917
3.890451449942799,-498.4314865632345,0.005771727723081321
3.981071705534965,-498.431486559943,0.00591097950315565
4.073802778041119,-498.4314865565251,0.006053365362800546
4.168693834703346,-498.431486552891,0.006198960796881229
4.265795188015918,-498.4314865491708,0.006347843002027062
4.365158322401651,-498.4314865451636,0.006500090917548832
4.466835921509622,-498.431486540999,0.006655785267309735
4.570881896148741,-498.4314865367509,0.006815008602516738
4.677351412871972,-498.4314865321896,0.006977845345483502
4.786300923226373,-498.431486527416,0.007144381834409065
4.897788193684452,-498.431486522475,0.007314706369145324
5.011872336272712,-498.4314865172458,0.007488909258011539
5.128613839913638,-498.4314865117729,0.007667082865686349
5.248074602497715,-498.4314865060997,0.007849321662176072
5.370317963702516,-498.431486500104,0.008035722272898857
5.495408738576233,-498.431486493773,0.008226383529925106
5.623413251903478,-498.4314864872592,0.008421406524381699
5.754399373371556,-498.4314864804384,0.008620894660037508
5.888436553555876,-498.4314864732409,0.008824953708140027
6.025595860743564,-498.4314864657067,0.00903369186349859
6.165950018614807,-498.4314864577647,0.009247219801843136
6.309573444801917,-498.4314864495641,0.009465650738518233
6.456542290346539,-498.4314864408666,0.009689100488488617
6.606934480075944,-498.4314864319022,0.009917687527777679
6.760829753919801,-498.4314864224038,0.01015153305624881
6.918309709189348,-498.431486412434,0.01039076106189827
7.079457843841362,-498.4314864020545,0.01063549838658337
7.244359600749883,-498.4314863911334,0.01088587479326702
7.413102413009157,-498.4314863798683,0.01114202303484249
7.585775750291819,-498.4314863678213,0.01140407892447806
7.762471166286898,-498.4314863554088,0.01167218140769296
7.943282347242794,-498.4314863423285,0.01194647263595834
8.128305161640972,-498.4314863286079,0.01222709804211466
8.317637711026689,-498.4314863141909,0.01251420641746297
8.511380382023743,-498.4314862991574,0.01280794999066751
8.709635899560784,-498.4314862834204,0.01310848450845376
8.912509381337431,-498.4314862670022,0.01341596931820146
9.120108393559072,-498.4314862497853,0.01373056745241979
9.332543007969884,-498.4314862317055,0.014052445715199
9.549925860214332,-498.4314862128079,0.01438177477065593
9.772372209558078,-498.4314861929695,0.01471872923340666
9.99999999999997,-498.4314861722592,0.01506348776117025
10.23292992280751,-498.4314861505505,0.0154162331494729
10.47128548050896,-498.4314861278252,0.01577715242858581
10.71519305237603,-498.4314861040078,0.01614643696268197
10.96478196143182,-498.4314860790755,0.01652428255130616
11.2201845430196,-498.4314860529762,0.01691088953318559
11.48153621496879,-498.4314860256546,0.01730646289245406
11.74897554939526,-498.4314859969979,0.01771121236733259
12.02264434617409,-498.4314859670011,0.01812535256134776
12.30268770812378,-498.4314859356562,0.01854910305710956
12.58925411794163,-498.4314859027866,0.01898268853272407
12.8824955169313,-498.4314858683784,0.019426338880946
13.18256738556403,-498.431485832414,0.0198802893310586
13.48962882591649,-498.4314857946522,0.02034478057357662
13.8038426460288,-498.4314857550135,0.02082005888789518
14.12537544622749,-498.4314857136903,0.02130637627287973
14.45439770745922,-498.4314856704023,0.02180399058041847
14.79108388168202,-498.4314856250308,0.02231316565218911
15.13561248436203,-498.4314855775905,0.02283417145955157
15.48816618912476,-498.4314855278157,0.02336728424665221
15.84893192461108,-498.4314854756844,0.02391278667694039
16.21810097358924,-498.4314854211698,0.024470967983017
16.59586907437554,-498.431485363991,0.0250421241199662
16.98243652461738,-498.4314853042486,0.02562655792233572
17.37800828749369,-498.431485241596,0.0262245792646218
17.78279410038916,-498.4314851760666,0.02683650522565229
18.19700858609976,-498.4314851073567,0.02746266025663145
18.6208713666286,-498.4314850355149,0.02810337635324218
19.0546071796324,-498.4314849601412,0.02875899323158618
19.49844599758038,-498.4314848813253,0.0294298585084113
19.95262314968872,-498.4314847988182,0.03011632788532903
20.41737944669521,-498.4314847123358,0.03081876533744393
20.89296130854031,-498.4314846218062,0.03153754330637121
21.37962089502224,-498.4314845271215,0.03227304289767838
21.87761623949544,-498.4314844278887,0.03302565408292138
22.38721138568331,-498.4314843238714,0.03379577590646637
22.90867652767764,-498.4314842150432,0.0345838166970795
23.44228815319913,-498.4314841010649,0.03539019428435609
23.98832919019481,-498.4314839816961,0.03621533622031599
24.5470891568502,-498.4314838567406,0.03705968000608809
25.1188643150957,-498.4314837258801,0.03792367332385777
25.70395782768853,-498.4314835889766,0.03880777427427669
26.30267991895371,-498.431483445438,0.03971245161925676
26.91534803926904,-498.4314832952103,0.04063818503066824
27.54228703338154,-498.4314831379494,0.04158546534453732
28.18382931264442,-498.431482973186,0.04255479482132032
28.84031503126593,-498.4314828006557,0.04354668741226032
29.51209226666373,-498.4314826201328,0.04456166903186807
30.19951720402003,-498.4314824309887,0.04560027783668785
30.90295432513577,-498.4314822329351,0.04666306451076567
31.62277660168365,-498.43148202561,0.04775059255755686
32.35936569296268,-498.431481808466,0.04886343859868149
33.11311214825896,-498.4314815811007,0.05000219267971692
33.8844156139201,-498.431481343035,0.05116745858300632
34.67368504525301,-498.4314810937122,0.05235985414779007
35.48133892335738,-498.4314808326067,0.05358001159781401
36.30780547700997,-498.4314805593341,0.05482857787656743
37.15352290971708,-498.4314802730426,0.05610621499016959
38.01893963205595,-498.4314799733219,0.05741360035856775
38.90451449942788,-498.4314796595681,0.05875142717457946
39.81071705534954,-498.4314793308716,0.0601204047713997
40.73802778041109,-498.4314789866777,0.06152125899885125
41.68693834703335,-498.4314786263442,0.06295473260814208
42.65795188015907,-498.4314782489736,0.06442158564563102
43.65158322401639,-498.4314778539089,0.06592259585594433
44.6683592150961,-498.4314774401793,0.06745855909419778
45.70881896148729,-498.4314770069684,0.06903028974809258
46.7735141287196,-498.4314765533078,0.07063862116963208
47.86300923226361,-498.431476078242,0.07228440611701771
48.97788193684438,-498.4314755808248,0.0739685172067958
50.11872336272698,-498.431475059953,0.07569184737647593
51.28613839913623,-498.4314745145288,0.07745531035802555
52.480746024977,-498.4314739434584,0.07925984116234346
53.70317963702501,-498.4314733453725,0.08110639657492139
54.95408738576219,-498.4314727191215,0.08299595566330295
56.23413251903463,-498.4314720634407,0.08492952029608918
57.54399373371541,-498.4314713767831,0.08690811567408223
58.88436553555861,-498.4314706578121,0.08893279087402263
60.25595860743547,-498.4314699049572,0.09100461940467437
61.65950018614791,-498.431469116577,0.09312469977606043
63.09573444801901,-498.4314682910377,0.09529415608193695
64.56542290346522,-498.4314674266273,0.09751413859576884
66.06934480075925,-498.4314665214417,0.0997858243805695
67.60829753919782,-498.4314655736561,0.1021104179131033
69.18309709189329,-498.43146458108,0.1044891517223279
70.79457843841342,-498.4314635418706,0.1069232870431829
72.44359600749863,-498.4314624535896,0.1094141144849269
74.13102413009136,-498.4314613140816,0.1119629547157917
75.85775750291798,-498.431460120835,0.1145711591629411
77.62471166286876,-498.4314588714458,0.1172401107292193
79.43282347242773,-498.4314575630053,0.1199712245260899
81.28305161640949,-498.431456192977,0.1227659486243569
83.17637711026666,-498.4314547584465,0.1256257648215901
85.11380382023719,-498.4314532561426,0.1285521894277863
87.0963589956076,-498.4314516832582,0.1315467740697454
89.12509381337408,-498.4314500361203,0.1346111065130792
91.20108393559049,-498.4314483113682,0.1377468115046632
93.32543007969861,-498.4314465053125,0.1409555516337528
95.49925860214309,-498.4314446141473,0.1442390282136152
97.72372209558054,-498.4314426338875,0.1475989821835442
99.99999999999946,-498.43144056025,0.1510371950318437
102.3292992280749,-498.4314383889754,0.1545554897405818
104.7128548050894,-498.4314361152678,0.1581557317518006
107.15193052376,-498.4314337344462,0.1618398299569865
109.6478196143179,-498.4314312414385,0.165609737708862
112.2018454301957,-498.4314286308535,0.1694674538571025
114.8153621496876,-498.4314258972731,0.173415023808329
117.4897554939523,-498.4314230350196,0.1774545406104432
120.2264434617406,-498.4314200377582,0.1815881460620849
123.0268770812374,-498.4314168991728,0.1858180318486884
125.892541179416,-498.4314136125395,0.1901464407042088
128.8249551693126,-498.4314101713192,0.1945756676007216
131.8256738556399,-498.4314065678189,0.1991080609641384
134.8962882591645,-498.4314027944452,0.2037460239203319
138.0384264602876,-498.4313988431364,0.2084920155688289
141.2537544622746,-498.4313947058976,0.2133485522870765
144.5439770745919,-498.4313903734587,0.2183182090634934
147.9108388168198,-498.4313858368558,0.2234036208640508
151.3561248436199,-498.4313810865295,0.2286074840285779
154.8816618912472,-498.431376112249,0.2339325577002657
158.4893192461104,-498.4313709035877,0.2393816652889815
162.181009735892,-498.4313654494318,0.2449576959677965
165.9586907437551,-498.4313597383157,0.2506636062050976
169.8243652461734,-498.4313537579014,0.2565024213316074
173.7800828749365,-498.4313474957249,0.2624772371451175
177.8279410038912,-498.4313409384247,0.2685912215510909
181.9700858609972,-498.4313340720176,0.2748476162425196
186.2087136662855,-498.4313268820901,0.2812497384188653
190.5460717963235,-498.4313193532151,0.287800982544152
194.9844599758032,-498.4313114695831,0.2945048221473702
199.5262314968867,-498.4313032144162,0.3013648116634461
204.1737944669516,-498.4312945702359,0.308384588318046
208.9296130854026,-498.4312855185236,0.3155678740555654
213.7962089502218,-498.4312760403434,0.322918477513205
218.7761623949538,-498.4312661154469,0.3304402960391427
223.8721138568325,-498.431255722782,0.3381373177594411
229.0867652767758,-498.4312448403115,0.3460136236922396
234.4228815319906,-498.4312334450206,0.3540733899114405
239.8832919019474,-498.4312215127041,0.3623208897604611
245.4708915685014,-498.431209017997,0.3707604961178546
251.1886431509563,-498.4311959343497,0.3793966837156793
257.0395782768846,-498.4311822341371,0.3882340315120157
263.0267991895364,-498.4311678883519,0.3972772251181287
269.1534803926897,-498.4311528663506,0.406531059282204
275.4228703338148,-498.431137136451,0.4160004404322768
281.8382931264435,-498.4311206649829,0.4256903892758536
288.4031503126586,-498.431103417486,0.4356060434638571
295.1209226666365,-498.4310853571195,0.4457526603114291
301.9951720401995,-498.4310664455782,0.4561356195868133
309.0295432513569,-498.4310466428184,0.4667604263629568
316.2277660168357,-498.431025906808,0.4776327139355279
323.593656929626,-498.4310041933276,0.4887582468089793
331.1311214825888,-498.4309814566226,0.5001429237537773
338.8441561392002,-498.4309576483961,0.5117927809317339
346.7368504525292,-498.4309327182033,0.5237139950965656
354.8133892335729,-498.4309066131248,0.5359128868678115
363.0780547700987,-498.4308792776549,0.5483959240812697
371.5352290971698,-498.4308506539167,0.5611697252182113
380.1893963205584,-498.4308206809869,0.5742410629124076
389.0451449942777,-498.4307892957622,0.5876168675425676
398.1071705534943,-498.43075643139,0.6013042309022861
407.3802778041097,-498.4307220181219,0.6153104099615461
416.8693834703323,-498.4306859830558,0.6296428307129844
426.5795188015895,-498.4306482496515,0.6443090921071871
436.5158322401627,-498.4306087379561,0.6593169700813025
446.6835921509598,-498.4305673642137,0.6746744216799428
457.0881896148716,-498.4305240401934,0.690389589271126
467.7351412871947,-498.4304786747413,0.706470804866744
478.6300923226348,-498.4304311712428,0.7229265945317155
489.7788193684425,-498.4303814290747,0.7397656829075059
501.1872336272685,-498.4303293425652,0.7569969978335173
512.861383991361,-498.4302748012408,0.774629675079876
524.8074602497686,-498.4302176896208,0.7926730631892315
537.0317963702487,-498.430157886367,0.8111367284287914
549.5408738576203,-498.4300952644695,0.8300304598611463
562.3413251903447,-498.430029691421,0.8493642745334039
575.4399373371524,-498.4299610281644,0.8691484227822263
588.8436553555844,-498.429889128965,0.8893933936661488
602.559586074353,-498.4298138409943,0.9101099205227472
616.5950018614773,-498.4297350051656,0.9313089866603353
630.9573444801882,-498.4296524538682,0.9530018311697764
645.6542290346504,-498.4295660119933,0.9751999548844874
660.6934480075907,-498.4294754961791,0.9979151264720206
676.0829753919763,-498.429380714728,1.021159388670301
691.8309709189309,-498.4292814664022,1.044945064664047
707.9457843841321,-498.4291775405516,1.069284764614794
724.4359600749841,-498.4290687167256,1.094191392341237
741.3102413009113,-498.4289547645115,1.119678152155718
758.5775750291774,-498.428835441753,1.145758555851904
776.2471166286851,-498.4287104958047,1.172446429869825
794.3282347242747,-498.4285796612349,1.199755922609772
812.8305161640923,-498.4284426607833,1.227701511932473
831.7637711026639,-498.4282992036458,1.256298012820651
851.1380382023692,-498.4281489857729,1.285560585228487
870.9635899560732,-498.4279916883727,1.315504742103808
891.2509381337379,-498.4278269779848,1.346146357606293
912.0108393559019,-498.427654505033,1.377501675507009
933.254300796983,-498.4274739039987,1.409587317792785
954.9925860214277,-498.4272847914648,1.442420293458518
977.2372209558022,-498.4270867665217,1.476018007517085
999.9999999999912,-498.4268794092885,1.51039827020734
1023.292992280745,-498.4266622795034,1.545579306416524
1047.12854805089,-498.4264349171423,1.581579765334038
1071.519305237597,-498.426196839545,1.618418730306985
1096.478196143175,-498.4259475421096,1.656115728947764
1122.018454301953,-498.4256864957665,1.694690743455074
1148.153621496872,-498.4254131471338,1.734164221191904
1174.897554939519,-498.4251269162199,1.774557085492817
1202.264434617402,-498.4248271960564,1.815890746734822
1230.26877081237,-498.4245133508964,1.858187113655036
1258.925411794156,-498.4241847151228,1.901468604935892
1288.249551693122,-498.4238405915706,1.945758161054247
1318.256738556395,-498.4234802506101,1.991079256411579
1348.962882591641,-498.4231029277819,2.037455911732763
1380.384264602872,-498.4227078229046,2.084912706765079
1412.537544622741,-498.4222940981131,2.133474793261625
1445.439770745914,-498.4218608757072,2.183167908264076
1479.108388168193,-498.4214072369379,2.234018387700687
1513.561248436194,-498.420932219824,2.286053180290639
1548.816618912467,-498.4204348167118,2.339299861767469
1584.893192461099,-498.4199139729533,2.393786649442065
1621.810097358915,-498.4193685836912,2.449542417083542
1659.586907437545,-498.4187974920296,2.506596710157574
1698.243652461728,-498.418199487452,2.564979761420587
1737.800828749359,-498.4175733010925,2.624722506839774
1778.279410038906,-498.4169176053269,2.685856601927008
1819.700858609966,-498.4162310094857,2.748414438406599
1862.087136662849,-498.4155120569823,2.812429161285102
1905.460717963228,-498.4147592238455,2.877934686328545
1949.844599758026,-498.4139709133584,2.944965717897771
1995.26231496886,-498.4131454533588,3.01355776722549
2041.737944669509,-498.412281093988,3.083747171120615
2089.296130854019,-498.4113760014673,3.155571111051493
2137.962089502211,-498.4104282569427,3.229067632732983
2187.761623949531,-498.4094358504581,3.304275666101301
2238.721138568317,-498.4083966774967,3.381235045779198
2290.86765276775,-498.4073085345785,3.459986531998762
2344.228815319898,-498.4061691142364,3.540571831995965
2398.832919019466,-498.4049760002416,3.623033621896774
2454.708915685005,-498.4037266625189,3.707415569100409
2511.886431509554,-498.4024184524837,3.793762355181615
2570.395782768837,-498.4010485955096,3.882119699270371
2630.267991895354,-498.3996141871589,3.972534382024687
2691.534803926887,-498.3981121864096,4.065054270103719
2754.228703338138,-498.3965394082356,4.15972834118314
2818.382931264424,-498.394892517982,4.256606709574284
2884.031503126575,-498.3931680239088,4.355740652391673
2951.209226666354,-498.3913622697355,4.457182636314088
3019.951720401984,-498.3894714272815,4.560986344955586
3090.295432513557,-498.3874914876428,4.667206706827678
3162.277660168345,-498.3854182533118,4.775899923952291
3235.936569296248,-498.3832473289112,4.887123501091341
3311.311214825875,-498.380974112393,5.000936275649806
3388.441561391989,-498.3785937850319,5.117398448221055
3467.368504525279,-498.3761013006343,5.236571613805426
3548.133892335716,-498.3734913761455,5.358518793758224
3630.780547700973,-498.3707584791663,5.483304468385048
3715.352290971684,-498.3678968170464,5.610994610299771
3801.89396320557,-498.3649003243256,5.741656718489949
3890.451449942763,-498.3617626501029,5.875359853136787
3981.071705534928,-498.3584771446409,6.012174671190953
4073.802778041082,-498.3550368446824,6.152173462703505
4168.693834703307,-498.351434459629,6.295430187980351
4265.795188015879,-498.3476623556555,6.442020515504539
4365.15832240161,-498.3437125393531,6.592021860675192
4466.835921509581,-498.3395766417268,6.745513425407523
4570.881896148699,-498.3352458981789,6.902576238486563
4677.351412871929,-498.330711135472,7.063293196989134
4786.300923226329,-498.3259627449029,7.227749108224357
4897.788193684407,-498.320990666896,7.396030732892107
5011.872336272666,-498.3157843694165,7.568226829002311
5128.61383991359,-498.3103328239924,7.744428196654812
5248.074602497666,-498.3046244838154,7.924727723840297
5370.317963702466,-498.2986472588624,8.109220433121697
5495.408738576182,-498.2923884909591,8.298003529294762
5623.413251903426,-498.2858349258419,8.49117644795488
5754.399373371502,-498.2789726866552,8.688840905124632
5888.436553555821,-498.271787244169,8.891100947803318
6025.595860743507,-498.2642633858894,9.098063005515929
6165.950018614749,-498.2563851839172,9.309835942875759
6309.573444801857,-498.24813596281,9.526531113221388
6456.542290346478,-498.2394982623119,9.748262413141068
6606.934480075881,-498.2304538028684,9.975146338198517
6760.829753919737,-498.2209834453661,10.20730203954091
6918.309709189281,-498.2110671520722,10.44485138167157
7079.457843841294,-498.2006839441187,10.68791900120688
7244.359600749813,-498.1898118577067,10.93663236671985
7413.102413009085,-498.178427897563,11.19112183959871
7585.775750291745,-498.166507989209,11.45152073602011
7762.471166286822,-498.1540269282935,11.71796538993429
7943.282347242717,-498.140958327797,11.99059521711497
8128.305161640892,-498.1272745630827,12.26955278027826
8317.637711026608,-498.1129467130622,12.55498385516588
8511.380382023659,-498.0979445019297,12.84703749783582
8709.635899560699,-498.0822362330854,13.14586611270294
8912.509381337344,-498.0657887254745,13.45162552187479
9120.108393558983,-498.0485672425229,13.76447503523208
9332.543007969793,-498.0305354210175,14.08457752165268
9549.925860214238,-498.011655194205,14.4120994810385
9772.372209557981,-497.9918867145466,14.74721111743149
9999.999999999871,-497.9711882682423,15.09008641274786
10232.92992280741,-497.9495161905007,15.4409032016154
10471.28548050886,-497.9268247735713,15.79984324682168
10715.19305237592,-497.9030661750979,16.16709231578144
10964.78196143171,-497.8781903143702,16.54284025723242
11220.18454301949,-497.8521447722664,16.92728107907033
11481.53621496868,-497.8248746816266,17.3206130264651
11748.97554939514,-497.7963226140967,17.72303866054952
12022.64434617397,-497.7664284624322,18.13476493758474
12302.68770812365,-497.735129316421,18.5560032883828
12589.25411794151,-497.7023593336548,18.98696969798348
12882.49551693117,-497.6680496028224,19.42788478534148
13182.5673855639,-497.6321280092215,19.87897388363742
13489.62882591636,-497.5945190773258,20.34046711923301
13803.84264602866,-497.5551438240859,20.81259949164586
14125.37544622735,-497.5139195951188,21.29561095235453
14454.39770745908,-497.4707598978916,21.78974648333043
14791.08388168187,-497.4255742250713,22.29525617462577
15135.61248436188,-497.3782678727883,22.81239530121743
15488.1661891246,-497.3287417477939,23.341424398418
15848.93192461092,-497.2768921687811,23.88260933610683
16218.10097358908,-497.2226106577552,24.43622139120659
16595.86907437538,-497.1657837223404,25.00253731822293
16982.43652461721,-497.1062926286446,25.58183941756683
17378.00828749351,-497.0440131645614,26.17441560137046
17782.79410038898,-496.9788153951902,26.78055945666785
18197.00858609958,-496.9105634013975,27.40057030468226
18620.87136662842,-496.839115013713,28.03475325712916
19054.60717963221,-496.7643215319953,28.68341926814913
19498.44599758018,-496.6860274337622,29.34688518178497
19952.62314968852,-496.6040700722157,30.02547377466027
20417.37944669501,-496.5182793554272,30.71951379239455
20892.9613085401,-496.4284774233622,31.42933998120912
21379.62089502202,-496.3344782976644,32.15529311117869
21877.61623949522,-496.2360875296777,32.89771999358234
22387.21138568308,-496.1331018265025,33.65697348928636
22908.6765276774,-496.0253086671552,34.43341250895807
23442.28815319889,-495.9124858990627,35.22740200310499
23988.32919019456,-495.7944013203803,36.03931294187925
24547.08915684995,-495.6708122467621,36.86952228357632
25118.86431509544,-495.541465061587,37.71841293088197
25703.95782768826,-495.4060947483504,38.58637367361248
26302.67991895344,-495.2644244045255,39.47379911683305
26915.34803926876,-495.1161647412004,40.38108959390927
27542.28703338126,-494.9610135578024,41.30865106166186
28183.82931264412,-494.7986552048775,42.25689497829965
28840.31503126564,-494.6287600216274,43.22623816077564
29512.09226666342,-494.4509837653016,44.21710262286636
30199.51720401971,-494.2649670005035,45.229915387053
30902.95432513544,-494.0703344907038,46.26510827576008
31622.77660168332,-493.8666945557798,47.32311767403089
32359.36569296234,-493.6536384124592,48.4043842645974
33113.11214825861,-493.4307394959137,49.50935273314825
33884.41561391974,-493.1975527622241,50.63847144165828
34673.68504525264,-492.9536139657069,51.79219206632779
35481.33892335701,-492.6984389195374,52.97096919939565
36307.80547700958,-492.431522736103,54.17525991166463
37153.52290971669,-492.1523390483789,55.40552327327011
38018.93963205554,-491.8603392086782,56.66221982914687
38904.51449942747,-491.5549514732491,57.94581102790799
39810.71705534912,-491.2355801708147,59.25675860080019
40738.02778041065,-490.9016048465755,60.59552388526923
41686.9383470329,-490.5523794003685,61.96256709399105
42657.95188015862,-490.1872312006801,63.35834652138049
43651.58322401593,-489.8054601984585,64.78331768942404
44668.35921509562,-489.4063380227702,66.23793242449649
45708.8189614868,-488.9891070611584,67.72263786119319
46773.51412871909,-488.5529795500997,69.23787537553308
47863.00923226309,-488.0971366517774,70.78407943662836
48977.88193684386,-487.6207275313682,72.36167637553149
50118.72336272644,-487.1228684370218,73.97108306668183
51286.13839913568,-486.6026417959094,75.61270552082274
52480.74602497643,-486.0590953060604,77.28693737752972
53703.17963702443,-485.4912410570645,78.994158301588
54954.08738576159,-484.8980546712781,80.73473227498131
56234.13251903402,-484.2784744624507,82.50900577712459
57543.99373371479,-483.6314006394079,84.31730585595099
58884.36553555797,-482.955694542339,86.15993807950694
60255.95860743483,-482.2501779313609,88.0371843678812
61659.50018614724,-481.5136323369576,89.94930070250709
63095.73444801832,-480.744798460846,91.89651470165747
64565.42290346453,-479.9423756583188,93.87902306635962
66069.34480075855,-479.1050215251934,95.89698889936075
67608.2975391971,-478.2313515430305,97.95053887204826
69183.09709189254,-477.3199388764507,100.0397602695154
70794.57843841266,-476.3693142520192,102.1646978791076
72443.59600749785,-475.3779660019142,104.3253507499635
74131.02413009056,-474.3443402428106,106.5216688057443
75857.75750291716,-473.2668412330563,108.7535493234805
77624.71166286792,-472.1438318896978,111.0208332649916
79432.82347242687,-470.9736345248342,113.3233014834444
81283.05161640861,-469.7545317859502,115.6606707946683
83176.37711026576,-468.4847678452593,118.032589931796
85113.80382023628,-467.1625498248573,120.4386353751674
87096.35899560666,-465.7860495079006,122.878307081723
89125.09381337311,-464.3534053430639,125.3510241192063
91201.0839355895,-462.8627247593017,127.8561202163772
93325.43007969759,-461.3120868179258,130.3928392480842
95499.25860214204,-459.6995452292599,132.9603306776015
97723.72209557948,-458.0231317328556,135.5576449637246
99999.99999999837,-456.280859887555,138.1837289715096
102329.2992280737,-454.4707292656627,140.8374213972131
104712.8548050882,-452.5907301082538,143.5174482610258
107151.9305237589,-450.638848402158,146.2224184631446
109647.8196143167,-448.6130714538718,148.9508194771352
112201.8454301945,-446.5113939331925,151.7010131919168
114815.3621496864,-444.3318244171162,154.471231957281
117489.755493951,-442.072392442732,157.2595748780946
120226.4434617393,-439.7311560634414,160.0640043970969
123026.8770812361,-437.3062099208933,162.8823432254942
125892.5411794146,-434.7956938285833,165.7122716744963
128824.9551693113,-432.1978018560962,168.5513254416418
131825.6738556385,-429.5107919012529,171.39689391015
134896.2882591631,-426.7329957402089,174.2462190303502
138038.4264602862,-423.8628295196941,177.0963948353592
141253.7544622731,-420.898804664768,179.9443676586215
144543.9770745904,-417.8395391614087,182.7869371145858
147910.8388168183,-414.6837691760082,185.6207579146216
151356.1248436183,-411.4303609317117,188.4423425522017
154881.6618912456,-408.0783228178374,191.2480649576652
158489.3192461087,-404.6268176228449,194.0341651372893
162181.0097358903,-401.0751748343474,196.7967548724851
165958.6907437533,-397.4229028989006,199.531824501728
169824.3652461716,-393.6697013791882,202.2352508646112
173780.0828749346,-389.8154728498565,204.9028063710871
177827.9410038893,-385.8603344788154,207.530169287537
181970.0858609953,-381.8046291306422,210.1129351920188
186208.7136662836,-377.6489358973374,212.6466296327817
190546.0717963215,-373.3940799125537,215.1267219519639
194984.4599758012,-369.0411413288143,217.5486402587123
199526.2314968846,-364.591463322374,219.9077875015913
204173.7944669495,-360.0466589910581,222.1995585734151
208929.6130854004,-355.4086170280613,224.4193583917284
213796.2089502196,-350.6795060300078,226.5626208304807
218776.1623949515,-345.8617773488668,228.6248284455315
223872.1138568301,-340.9581663419651,230.6015327952096
229086.7652767734,-335.9716919613184,232.4883752931897
234422.8815319882,-330.905654573527,234.2811083890136
239883.2919019449,-325.7636319487132,235.9756169221792
245470.8915684988,-320.5494733721078,237.5679394820957
251188.6431509537,-315.2672918414598,239.0542895750658
257039.5782768819,-309.9214543387777,240.4310763964021
263026.7991895336,-304.5165701977028,241.6949250415439
269153.4803926869,-299.0574775865959,242.8426959069843
275422.8703338119,-293.5492281790946,243.871503126198
281838.2931264405,-287.9970700874262,244.7787318221146
288403.1503126556,-282.406429165793,245.5620539959322
295120.9226666334,-276.7828888122375,246.2194428754524
301995.1720401964,-271.1321684190113,246.7491855641086
309029.5432513537,-265.4601006398204,247.1498938397135
316227.7660168324,-259.7726076616341,247.4205129818295
323593.6569296226,-254.0756766828839,247.5603285300477
331131.1214825853,-248.3753348097042,247.5689708701525
338844.1561391967,-242.6776235960948,247.4464176287764
346736.8504525256,-236.9885734526669,247.192993811708
354813.3892335693,-231.3141781565413,246.8093697111497
363078.054770095,-225.6603696895019,246.2965565905764
371535.229097166,-220.0329936283646,245.6559002100224
380189.3963205545,-214.4377853025379,244.8890722580883
389045.1449942738,-208.8803469222448,243.9980597993254
398107.1705534903,-203.3661258656355,242.9851528615965
407380.2778041056,-197.9003942973535,241.8529302954061
416869.3834703281,-192.4882302705814,240.6042440731711
426579.5188015852,-187.1345004429887,239.2422022052756
436515.8322401583,-181.8438445168765,237.7701504482567
446683.5921509552,-176.620661486152,236.1916530121692
457088.1896148669,-171.4690977563799,234.5104724458844
467735.1412871899,-166.3930371693591,232.7305489279248
478630.0923226299,-161.396092953163,230.8559791351913
489778.8193684375,-156.4816015857365,228.8909949023618
501187.2336272634,-151.6526185449365,226.8399418543936
512861.3839913558,-146.9119158967232,224.7072581906985
524807.4602497633,-142.2619816551299,222.4974537915928
537031.7963702432,-137.7050208309024,220.215089805409
549540.8738576148,-133.2429580751019,217.8647588528085
562341.3251903391,-128.8774418101641,215.4510659771458
575439.9373371467,-124.6098497299617,212.9786104562115
588843.6553555785,-120.4412955509738,210.4519685587675
602559.586074347,-116.372636878978,207.875677340123
616595.0018614712,-112.4044840682537,205.2542195232943
630957.344480182,-108.5372099352467,202.5920095252451
645654.2290346441,-104.7709602034349,199.8933806465323
660693.4480075843,-101.1056645433817,197.1625734564085
676082.9753919698,-97.54104809046942,194.4037253668073
691830.9709189242,-94.07664331867687,191.6208613917393
707945.7843841253,-90.71180215920045,188.8178860728905
724435.9600749771,-87.44570825792182,185.9985765428211
741310.2413009043,-84.27738927360672,183.1665766907556
758577.5750291703,-81.20572912905493,180.3253923841496
776247.1166286779,-78.22948013121366,177.4783876999392
794328.2347242674,-75.34727488987744,174.6287821086627
812830.5161640848,-72.55763797060915,171.7796485525369
831763.7711026561,-69.85899722282797,168.9339123618951
851138.0382023612,-67.24969473965163,166.0943509411593
870963.5899560649,-64.72799740751735,163.2635941644865
891250.9381337294,-62.2921070101103,160.444125420994
912010.8393558932,-59.94016986656827,157.6382832405342
933254.3007969741,-57.67028598083915,154.8482634435777
954992.5860214186,-55.48051768727137,152.0761217574478
977237.2209557928,-53.36889779106846,149.3237768349105
999999.9999999817,-51.33343719214036,146.5930136294024
1023292.992280735,-49.37213200100159,143.8854870674165
1047128.54805088,-47.48297014724565,141.2027259745591
1071519.305237587,-45.66393749120266,138.5461372068768
1096478.196143165,-43.91302344939236,135.9170099464767
1122018.454301943,-42.22822614792411,133.3165201214878
1148153.621496861,-40.60755711982942,130.7457349146582
1174897.554939508,-39.04904556305892,128.2056173281507
1202264.43461739,-37.55074217868989,125.6970307747341
1230268.770812358,-36.11072260904228,123.2207436679166
1258925.411794143,-34.72709049429386,120.7774339896483
1288249.55169311,-33.39798017158586,118.3676938108346
1318256.738556382,-32.12155903446109,115.9920337498345
1348962.882591628,-30.89602957477009,113.650887351004
1380384.264602859,-29.71963112825716,111.3446153695078
1412537.544622727,-28.59064134276547,109.0735099520168
1445439.7707459,-27.50737739095715,106.8377987015314
1479108.388168179,-26.46819694383712,104.6376486212282
1513561.248436179,-25.4714989271489,102.4731699281687
1548816.618912452,-24.51572407597918,100.3444197338796
1584893.192461083,-23.59935530575064,98.25140558781439
1621810.097358899,-22.72091791600486,96.1940888812468
1659586.907437529,-21.87897964200495,94.17238811054365
1698243.652461712,-21.07215056911199,92.1861819996946
1737800.828749342,-20.29908292400728,90.23531248190841
1778279.410038889,-19.55847075505876,88.31958754259865
1819700.858609949,-18.8490495145743,86.43878392487024
1862087.136662832,-18.16959555408917,84.59264970001418
1905460.717963211,-17.51892554319797,82.78090670618901
1949844.599758008,-16.89589582176454,81.00325285823799
1995262.314968841,-16.29940169430177,79.25936433246773
2041737.94466949,-15.72837667573286,77.54889762965243
2089296.130853999,-15.18179169504178,75.87149152088351
2137962.089502191,-14.65865426453941,74.22676888014814
2187761.62394951,-14.15800762145862,72.61433840749218
2238721.138568296,-13.6789298467806,71.03379624780123
2290867.652767729,-13.22053296765179,69.48472750884009
2344228.815319877,-12.78196204768975,67.96670768317362
2398832.919019444,-12.36239426956508,66.47930397825412
2454708.915684983,-11.9610380138591,65.0220765588804
2511886.431509531,-11.57713193773939,63.59457970620644
2570395.782768813,-11.20994405658988,62.19636289725968
2630267.99189533,-10.85877083123108,60.82697180928194
2691534.803926863,-10.52293626345109,59.48594925232167
2754228.703338112,-10.20179100164085,58.17283603440177
2818382.931264398,-9.89471145883425,56.88717176235161
2884031.503126549,-9.601098944497306,55.62849558220838
2951209.226666328,-9.320378811468988,54.39634686255974
3019951.720401957,-9.051999619419998,53.19026582383836
3090295.432513529,-8.795432315743058,52.00979411692052
3162277.660168317,-8.550169434658514,50.85447535398526
3235936.569296218,-8.315724315043326,49.72385559461827
3311311.214825845,-8.091630338004585,48.61748378948083
3388441.561391958,-7.877440184130364,47.53491218464261
3467368.504525247,-7.672725110717329,46.47569668884966
3548133.892335684,-7.477074249431345,45.43939720603933
3630780.547700941,-7.290093924348163,44.42557793535726
3715352.290971651,-7.111406990122055,43.4338076410297
3801893.963205536,-6.940652190738632,42.46365989363879
3890451.449942728,-6.777483538168424,41.5147132852512
3981071.705534893,-6.621569711119703,40.58655161974436
4073802.778041046,-6.472593473379397,39.67876408035827
4168693.83470327,-6.330251111707001,38.79094537579584
4265795.188015841,-6.194251892723297,37.92269586667844
4365158.322401572,-6.06431753862308,37.07362167346857
4466835.921509542,-5.940181721207675,36.243334767482
4570881.896148658,-5.82158957386267,35.4314530461243
4677351.412871888,-5.708297221190544,34.63760039340013
4786300.923226287,-5.60007132562895,33.8614067271273
4897788.193684363,-5.496688650878895,33.10250803353719
5011872.336272622,-5.397935641409775,32.36054639057044
5128613.839913545,-5.303608017860294,31.63516998048551
5248074.60249762,-5.213510387655218,30.9260330928847
5370317.963702418,-5.127455870525321,30.23279611876306
5495408.738576134,-5.045265738378986,29.55512553646043
5623413.251903377,-4.966769069115315,28.89269389015198
5754399.373371452,-4.891802413921485,28.24517976151045
5888436.55355577,-4.820209477603522,27.6122677352106
6025595.860743455,-4.751840811455248,26.99364835882524
6165950.018614695,-4.68655351837498,26.38901809751512
6309573.444801803,-4.624210969615389,25.79807928424456
6456542.290346422,-4.564682532939172,25.22054006568483
6606934.480075824,-4.507843311583701,24.65611434451587
6760829.753919679,-4.453573893832436,24.10452171828076
6918309.709189222,-4.40176011264928,23.56548741525793
7079457.843841233,-4.352292815080798,23.03874222774889
7244359.600749752,-4.305067641065245,22.52402244291903
7413102.413009022,-4.259984811243329,22.02106977164569
7585775.750291681,-4.216948923478148,21.52963127557312
7762471.166286756,-4.175868757766679,21.04945929254553
7943282.34724265,-4.136657089136959,20.58031136083379
8128305.161640823,-4.099230508342824,20.12195014214084
8317637.711026536,-4.063509249986605,19.67414334373504
8511380.382023586,-4.029417027792421,19.23666363983401
8709635.899560623,-3.996880876797293,18.80928859240327
8912509.381337266,-3.965831002131096,18.39180057157616
9120108.393558905,-3.936200634224123,17.98398667570729
9332543.007969713,-3.907925890118834,17.58563865135281
9549925.860214157,-3.880945640686781,17.19655281322077
9772372.2095579,-3.855201383556614,16.8165299641687
9999999.999999788,-3.830637121486908,16.44537531545223
10232929.92280732,-3.807199246018796,16.08289840724425
10471285.48050877,-3.784836426188751,15.72891302960977
10715193.05237583,-3.76349950213853,15.38323714389268
10964781.96143162,-3.743141383394928,15.04569280477148
11220184.54301939,-3.723716951685664,14.71610608293619
11481536.21496858,-3.705182968099614,14.39430698851618
11748975.54939504,-3.687497984407523,14.08012939536642
12022644.34617387,-3.670622258420195,13.77341096620558
12302687.70812355,-3.65451767317227,13.47399307879597
12589254.1179414,-3.639147659823409,13.18172075307544
12882495.51693106,-3.624477124080274,12.89644257950016
13182567.38556379,-3.610472376012817,12.61801064848088
13489628.82591625,-3.597101063100064,12.3462804810771
13803842.64602855,-3.584332106353681,12.0811109610111
14125375.44622724,-3.572135639377606,11.82236426795486
14454397.70745896,-3.560482950199249,11.56990581228825
14791083.88168175,-3.549346425742304,11.32360417122696
15135612.48436175,-3.538699498767083,11.08333102647788
15488166.18912448,-3.528516597156616,10.84896110335891
15848931.92461079,-3.518773095379206,10.62037211152512
16218100.97358895,-3.50944526798986,10.39744468721017
16595869.07437524,-3.500510245022559,10.18006233708913
16982436.52461707,-3.491945969129469,9.968111383745709
17378008.28749337,-3.483731154315552,9.761480912739342
17782794.10038884,-3.475845246141535,9.560062721338076
18197008.58609944,-3.468268383235805,9.363751268816451
18620871.36662827,-3.460981359995505,9.172443628418932
19054607.17963205,-3.453965590328777,8.98603944090212
19498445.99758003,-3.4472030723142,8.804440869691046
19952623.14968836,-3.440676353640355,8.627552557574507
20417379.44669485,-3.434368497709764,8.455281585006846
20892961.30853994,-3.42826305026884,8.287537429875826
21379620.89502185,-3.422344006461094,8.124231928816666
21877616.23949505,-3.416595778169884,7.965279239969592
22387211.3856829,-3.41100316154799,7.810595807192771
22908676.52767723,-3.405551304610567,7.660100325656529
23442288.1531987,-3.400225674790007,7.513713708837141
23988329.19019438,-3.395012026333731,7.371359056832213
24547089.15684976,-3.389896367440556,7.232961625989966
25118864.31509525,-3.38486492702385,7.098448799818215
25703957.82768807,-3.379904120982866,6.96775006111844
26302679.91895324,-3.375000517881362,6.840796965361865
26915348.03926856,-3.370140803903003,6.717523115227593
27542287.03338105,-3.365311746966329,6.597864136306508
28183829.31264391,-3.360500159868046,6.481757653927895
28840315.03126542,-3.355692862329292,6.369143271105812
29512092.2666632,-3.350876641782178,6.259962547536232
30199517.20401949,-3.346038212758608,6.154158979662638
30902954.32513522,-3.34116417471408,6.051677981762567
31622776.60168309,-3.336240968089078,5.952466868003419
32359365.6929621,-3.331254828444861,5.856474835485945
33113112.14825837,-3.326191738431957,5.76365294817943
33884415.6139195,-3.321037377383234,5.673954121751247
34673685.04525239,-3.315777068267542,5.587333109205562
35481338.92335676,-3.310395721744784,5.503746487302664
36307805.47700933,-3.304877777001707,5.423152643643934
37153522.90971643,-3.299207139073081,5.345511764386838
38018939.63205528,-3.293367112252869,5.270785822426671
38904514.49942719,-3.287340329252833,5.19893856597692
39810717.05534884,-3.281108675635406,5.129935507345956
40738027.78041036,-3.274653209098737,5.063743911766329
41686938.34703261,-3.267954073075753,5.000332786028213
42657951.88015831,-3.260990404121235,4.939672866689141
43651583.22401562,-3.25374023247087,4.881736607526479
44668359.21509531,-3.246180375125415,4.826498165883872
45708818.96148648,-3.238286320754344,4.773933387471192
46773514.12871877,-3.230032105651499,4.724019789122159
47863009.23226276,-3.221390179899895,4.676736538885793
48977881.93684352,-3.212331262871432,4.632064432780485
50118723.36272611,-3.202824187079047,4.589985867359321
51286138.39913534,-3.192835729332132,4.550484807111831
52480746.02497608,-3.182330428120643,4.513546745600574
53703179.63702407,-3.171270386006085,4.479158658977097
54954087.38576122,-3.159615055778717,4.447308950338651
56234132.51903364,-3.147321009064054,4.41798738313949
57543993.73371439,-3.13434168596666,4.391185001532669
58884365.53555757,-3.120627124342417,4.36689403523736
60255958.60743441,-3.106123667209385,4.345107786078434
61659500.18614683,-3.09077364679348,4.325820492921689
63095734.4480179,-3.074515043776375,4.309027171226475
64565422.90346409,-3.057281120272844,4.294723422791758
66069344.80075811,-3.039000025280302,4.282905210672325
67608297.53919666,-3.019594371432044,4.273568593388135
69183097.09189209,-2.99898078219699,4.266709411744354
70794578.4384122,-2.977069409047678,4.26232292055593
72443596.00749739,-2.953763418640951,4.260403356486325
74131024.13009009,-2.928958450737057,4.260943431946299
75857757.50291668,-2.902542048567308,4.263933743663097
77624711.66286743,-2.874393064545079,4.269362083019947
79432823.47242635,-2.844381045779548,4.277212633623713
81283051.61640808,-2.812365605891393,4.28746503987011
83176377.11026521,-2.778195792074058,4.300093328421655
85113803.82023571,-2.74170945956551,4.315064662721999
87096358.99560608,-2.702732669540821,4.33233790887125
89125093.81337252,-2.661079131220467,4.351861989551389
91201083.9355889,-2.616549714850585,4.373574001415207
93325430.07969697,-2.568932069180281,4.397397070545633
95499258.60214141,-2.518000385469487,4.423237920615589
97723722.09557883,-2.463515359918962,4.450984129606174
99999999.99999771,-2.405224417896418,4.480501053801619
102329299.2280731,-2.342862276464396,4.511628402911749
104712854.8050875,-2.276151936429502,4.544176458359957
107151930.5237582,-2.204806211198794,4.577921938844495
109647819.614316,-2.128529916691821,4.612603534393715
112201845.4301937,-2.04702286357165,4.647917153430519
114815362.1496856,-1.959983808842773,4.683510958084085
117489755.4939502,-1.867115536644547,4.718980302579111
120226443.4617385,-1.768131245101716,4.753862738865981
123026877.0812353,-1.662762414018151,4.787633313544402
125892541.1794138,-1.550768312606439,4.819700450479507
128824955.1693104,-1.431947271891342,4.849402792815893
131825673.8556376,-1.306149786915276,4.876007463248912
134896288.2591622,-1.173293422917078,4.898710286637193
138038426.4602852,-1.033379371322322,4.916638595334782
141253754.4622721,-0.8865103314277268,4.928857292172079
144543977.0745893,-0.7329091814036754,4.934378862438836
147910838.8168172,-0.5729376525589284,4.932177984104183
151356124.8436172,-0.4071139468787661,4.921211263298889
154881661.8912444,-0.2361279631577252,4.900442398906426
158489319.2461076,-0.060852556873101,4.868872741209461
162181009.7358891,0.1176509003544466,4.825576751657424
165958690.7437521,0.2981344203822315,4.769741309323424
169824365.2461704,0.4791743515596052,4.700707184161987
173780082.8749334,0.6591925832497659,4.618010374461004
177827941.003888,0.8364885540291802,4.521420477482128
181970085.860994,1.009281740835856,4.410972934030905
186208713.6662823,1.175763271885031,4.286991962789173
190546071.7963202,1.334154229899954,4.150101353666662
194984459.9757999,1.482767248716789,4.001221045899641
199526231.4968832,1.620067321064186,3.841548529951155
204173794.466948,1.74472747032408,3.67252546306734
208929613.0853989,1.85567517793112,3.495791297533474
213796208.9502181,1.952126199777348,3.313126981346042
218776162.39495,2.033603558039798,3.12639271162749
223872113.8568285,2.099940891969775,2.93746416621557
229086765.2767718,2.151270785471272,2.748171558859564
234422881.5319865,2.187999956850325,2.560245300643795
239883291.9019432,2.210774137872652,2.375271124920373
245470891.5684971,2.220435997297515,2.194656411207869
251188643.1509519,2.217979568153038,2.019608298995451
257039578.2768801,2.204504375677522,1.851123163715571
263026799.1895318,2.181171934995462,1.689986235260764
269153480.392685,2.149166611990259,1.536779620899734
275422870.3338099,2.109662128440592,1.391896746676702
281838293.1264385,2.063794330588562,1.255561215855592
288403150.3126535,2.012640286523168,1.127848241465137
295120922.6666313,1.957203359225422,1.00870707914286
301995172.0401942,1.898403622131403,0.8979832084605301
309029543.2513515,1.837072828197174,0.7954393398745814
316227766.0168301,1.773953088869072,0.7007746282805374
323593656.9296203,1.709698439218064,0.6136417341645066
331131121.4825829,1.644878534911314,0.5336615814804558
338844156.1391942,1.579983824007526,0.4604358175816786
346736850.4525231,1.515431645392542,0.3935570894991644
354813389.2335666,1.451572813972688,0.3326173201234151
363078054.7700923,1.388698353158428,0.2772142054975691
371535229.0971633,1.327046123335438,0.2269561685014834
380189396.3205517,1.266807169322553,0.181466001596255
389045144.9942709,1.208131670176808,0.1403834177733288
398107170.5534873,1.151134422153852,0.1033667088906099
407380277.8041025,1.095899821735842,0.07009368747614395
416869383.4703249,1.042486342166144,0.0402620641926927
426579518.8015819,0.9909305156415616,0.0135893900194007
436515832.240155,0.9412504458456903,-0.01018732922428284
446683592.1509519,0.8934488832743135,-0.03131225763551519
457088189.6148635,0.8475158999919378,-0.05001152171397116
467735141.2871864,0.8034312020582112,-0.06649411347720344
478630092.3226262,0.761166117627662,-0.08095285929668423
489778819.3684338,0.7206852972671371,-0.09356541968198458
501187233.6272596,0.681948160798774,-0.1044952935731664
512861383.9913518,0.6449101222991535,-0.1138928074551841
524807460.2497592,0.6095236220085656,-0.1218960750355785
537031796.370239,0.5757389909962547,-0.1286319175281563
549540873.8576105,0.5435051716029794,-0.1342167379661235
562341325.1903347,0.5127703140122343,-0.138757345581579
575439937.3371422,0.48348226682838,-0.142351728295876
588843655.3555739,0.4555889772843352,-0.1450897728631259
602559586.0743423,0.4290388146701464,-0.1470539333286093
616595001.8614663,0.4037808287601501,-0.1483198492546419
630957344.4801769,0.3797649534113832,-0.1489569157284051
645654229.0346388,0.3569421640932826,-0.1490288075283523
660693448.0075788,0.3352645968737624,-0.148593960050092
676082975.3919642,0.3146856353091436,-0.1477060097023556
691830970.9189185,0.2951599707514743,-0.1464141965171486
707945784.3841195,0.2766436407773252,-0.1447637316884864
724435960.0749712,0.2590940497436536,-0.1427961326827742
741310241.3008982,0.2424699748733893,-0.1405495284660354
758577575.029164,0.2267315607561358,-0.1380589372718587
776247116.6286714,0.2118403047019412,-0.1353565192063383
794328234.7242607,0.1977590350041744,-0.1324718058486031
812830516.1640779,0.184451883837601,-0.1294319088692697
831763771.1026491,0.1718842562346425,-0.1262617095528116
851138038.2023541,0.1600227963402731,-0.1229840309774809
870963589.9560577,0.1488353519364015,-0.1196197944778113
891250938.1337219,0.1382909380469871,-0.1161881618942716
912010839.3558856,0.1283597002807216,-0.1127066649956353
933254300.7969663,0.1190128784349132,-0.1091913233517388
954992586.0214106,0.1102227707700758,-0.1056567518283822
977237220.9557847,0.1019626992666896,-0.1021162587784171
999999999.9999734,0.0942069760915715,-0.09858193591013559
1023292992.280727,0.08693087142972993,-0.09506474072667165
1047128548.050872,0.08011058277684976,-0.09157457234756196
1071519305.237578,0.07372320573612458,-0.08812034144650586
1096478196.143156,0.06774670632100892,-0.08471003496631554
1122018454.301933,0.06215989473004797,-0.08135077620354748
1148153621.496852,0.05694240053175286,-0.07804888079154929
1174897554.939498,0.05207464917588812,-0.0748099090501894
1202264434.617381,0.04753783973036776,-0.07163871511509495
1230268770.812348,0.04331392373191852,-0.06853949320697023
1258925411.794133,0.03938558503097739,-0.06551582135374012
1288249551.693099,0.03573622050829908,-0.06257070283411408
1318256738.556371,0.03234992154047846,-0.05970660557083744
1348962882.591617,0.02921145609493322,-0.05692549966550071
1380384264.602847,0.02630625133994909,-0.05422889323385301
1412537544.622716,0.02362037666323996,-0.05161786667160453
1445439770.745888,0.02114052700147766,-0.04909310545484154
1479108388.168167,0.01885400639358799,-0.04665493155727157
1513561248.436167,0.01674871168187053,-0.04430333354733277
1548816618.912439,0.01481311629686374,-0.04203799541246314
1584893192.46107,0.01303625407364188,-0.03985832414490811
1621810097.358885,0.01140770305916928,-0.0377634761131469
1659586907.437515,0.009917569281933389,-0.03575238223521556
1698243652.461697,0.00855647046579322,-0.03382377196472654
1737800828.749327,0.007315519680478832,-0.03197619609666257
1778279410.038874,0.006186308930250184,-0.03020804839826891
1819700858.609933,0.00516089269065334,-0.02851758606992525
1862087136.662816,0.00423177141065334,-0.02690294904166119
1905460717.963194,0.003391875003421307,-0.02536217811291718
1949844599.757991,0.002634546354226441,-0.02389323194560906
1995262314.968824,0.001953524877760904,-0.02249400292381369
2041737944.669473,0.001342930160131872,-0.02116233189683841
2089296130.853981,0.0007972457226211871,-0.01989602182621317
2137962089.502173,0.00031130294523396,-0.0186928503608739
2187761623.949492,-0.0001197348118526786,-0.01755058136854163
2238721138.568277,-0.0005003878514506788,-0.01646697545477726
2290867652.767709,-0.0008348755110914041,-0.0154397995044729
2344228815.319856,-0.001127131229039291,-0.01446683528341233
2398832919.019423,-0.001380817272780277,-0.01354588714008024
2454708915.684961,-0.001599339100833097,-0.01267478884997986
2511886431.50951,-0.001785859331763673,-0.0118514096463995
2570395782.768792,-0.001943311297469164,-0.01107365948278614
2630267991.895308,-0.002074412161113148,-0.01033949357267529
2691534803.92684,-0.002181675583429632,-0.009646916253502951
2754228703.338089,-0.002267423924464662,-0.008993984220613191
2818382931.264374,-0.002333799971063311,-0.008378809177372307
2884031503.126524,-0.002382778183574796,-0.007799559946599959
2951209226.666302,-0.002416175458215264,-0.007254464087519322
3019951720.40193,-0.00243566140435858,-0.006741809061135057
3090295432.513503,-0.002442768138601448,-0.006259942985493213
3162277660.168289,-0.002438899599859878,-0.005807275020577377
3235936569.29619,-0.002425340391880138,-0.005382275420786471
3311311214.825816,-0.00240326416149772,-0.004983475291017499
3388441561.391928,-0.002373741522635919,-0.004609466080357855
3467368504.525217,-0.002337747537521695,-0.004258898845332011
3548133892.335652,-0.002296168767814022,-0.003930483312569401
3630780547.700909,-0.002249809909382616,-0.003622986768672126
3715352290.971618,-0.002199400025289622,-0.003335232803001773
3801893963.205502,-0.002145598392177872,-0.003066099927077759
3890451449.942693,-0.002088999975719652,-0.00281452009231103
3981071705.534857,-0.002030140551119386,-0.00257947712589997
4073802778.041009,-0.00196950148479158,-0.002360005102875958
4168693834.703233,-0.001907514193409732,-0.002155186670559866
4265795188.015802,-0.001844564296420215,-0.001964151340025899
4365158322.401532,-0.001780995477961067,-0.001786073757622091
4466835921.509501,-0.001717113073846921,-0.001620171968126149
4570881896.148617,-0.001653187398960254,-0.001465705679760547
4677351412.871845,-0.001589456829989899,-0.001321974540017466
4786300923.226243,-0.001526130658003888,-0.001188316430073452
4897788193.684319,-0.001463391724873864,-0.001064105784498432
5011872336.272576,-0.001401398857027614,-0.0009487519419709086
5128613839.913499,-0.001340289109483361,-0.0008416975318133094
5248074602.497573,-0.001280179832553241,-0.0007424169003380766
5370317963.702371,-0.00122117057303317,-0.0006504145802600385
5495408738.576085,-0.001163344821135448,-0.0005652238057588246
5623413251.903326,-0.001106771613837987,-0.0004864050751808672
5754399373.371401,-0.001051507004772967,-0.0004135447628376489
5888436553.555717,-0.0009975954102063866,-0.0003462537808856221
6025595860.743402,-0.0009450708401326224,-0.0002841662918544428
6165950018.614641,-0.0008939580229689881,-0.0002269384720294438
6309573444.801747,-0.0008442734318219181,-0.0001742473255727555
6456542290.346366,-0.0007960262198090096,-0.0001257895489955704
6606934480.075767,-0.0007492190714397662,-8.128044535756657e-05
6760829753.91962,-0.0007038489766004741,-4.045288736960986e-05
6918309709.189162,-0.00065990793326276,-3.056328408912136e-06
7079457843.841171,-0.0006173835846068343,3.11441396834878e-05
7244359600.749688,-0.000576259795875611,6.236868326618633e-05
7413102413.008958,-0.0005365171758797693,9.082357935420158e-05
7585775750.291615,-0.0004981335477454163,0.0001167020252718259
7762471166.28669,-0.0004610843731442937,0.0001401849069545162
7943282347.242582,-0.0004253431339498182,0.0001614415273895277
8128305161.640754,-0.0003908816749527144,0.0001806302967046673
8317637711.026465,-0.0003576705110106548,0.0001978993854255314
8511380382.023514,-0.000325679101730092,0.0002133873424191995
8709635899.560549,-0.0002948760965606478,0.0002272236790328092
8912509381.337191,-0.0002652295529332882,0.0002395294209174544
9120108393.558826,-0.000236707129883662,0.0002504176290033349
9332543007.969633,-0.0002092762593908226,0.0002599938910627547
9549925860.214075,-0.0001829042974947903,0.0002683567852632766
9772372209.557816,-0.0001575586570763399,0.0002755983170757217
10000000000,-0.0001332069240340683,0.0002818043308610727
