net9 X,net9 Y,net21 X,net21 Y
0,0.6,0,0.6013767835414203
1.000000000000002e-12,0.7,1.000000000000002e-12,0.6023399436577733
1.235958584000003e-12,0.7,1.235958584000003e-12,0.6024474945407351
1.707875752000004e-12,0.7,1.707875752000004e-12,0.6025399251995301
2.101244400000005e-12,0.7,2.101244400000005e-12,0.6025211022788062
2.887981697000007e-12,0.7,2.887981697000007e-12,0.6024984503837248
3.730187919000009e-12,0.7,3.730187919000009e-12,0.60247379981551
5.414600363000013e-12,0.7,5.414600363000013e-12,0.6024260491419156
8.78342525100002e-12,0.7,8.78342525100002e-12,0.6023333776596457
1.548939447300004e-11,0.7,1.548939447300004e-11,0.6021619477387103
2.890133291700007e-11,0.7,2.890133291700007e-11,0.6018685834567247
5.572520980500013e-11,0.7,5.572520980500013e-11,0.6014718239443074
1.093729635810003e-10,0.7,1.093729635810003e-10,0.6013697363906794
2.093729635810005e-10,0.7,2.093729635810005e-10,0.6032821275177241
3.093729635810007e-10,0.7,3.093729635810007e-10,0.6073659474064377
4.093729635810009e-10,0.7,4.093729635810009e-10,0.6129094511179889
5.093729635810012e-10,0.7,5.093729635810012e-10,0.619304980625401
6.093729635810014e-10,0.7,6.093729635810014e-10,0.6261069089928007
7.093729635810016e-10,0.7,7.093729635810016e-10,0.6330341933981857
8.093729635810019e-10,0.7,8.093729635810019e-10,0.6399374812222113
9.093729635810022e-10,0.7,9.093729635810022e-10,0.6467547812027776
1.009372963581002e-09,0.7,1.009372963581002e-09,0.6534717619964939
1.109372963581003e-09,0.7,1.109372963581003e-09,0.660092361012124
1.209372963581003e-09,0.7,1.209372963581003e-09,0.6666205107554199
1.309372963581003e-09,0.7,1.309372963581003e-09,0.6730502575776514
1.409372963581003e-09,0.7,1.409372963581003e-09,0.6793609548062494
1.509372963581004e-09,0.7,1.509372963581004e-09,0.6855152339877523
1.609372963581004e-09,0.7,1.609372963581004e-09,0.6914580787893532
1.709372963581004e-09,0.7,1.709372963581004e-09,0.697116219149733
1.809372963581004e-09,0.7,1.809372963581004e-09,0.7023977987757641
1.909372963581005e-09,0.7,1.909372963581005e-09,0.7071923137165239
2.009372963581005e-09,0.7,2.009372963581005e-09,0.7113718096378689
2.109372963581005e-09,0.7,2.109372963581005e-09,0.714793725683518
2.209372963581005e-09,0.7,2.209372963581005e-09,0.7173069359017098
2.309372963581005e-09,0.7,2.309372963581005e-09,0.7187614884835636
2.409372963581006e-09,0.7,2.409372963581006e-09,0.7190233640815946
2.509372963581006e-09,0.7,2.509372963581006e-09,0.717993885824769
2.609372963581006e-09,0.7,2.609372963581006e-09,0.7156331915181705
2.709372963581006e-09,0.7,2.709372963581006e-09,0.7119845625941086
2.809372963581006e-09,0.7,2.809372963581006e-09,0.7071954479860822
2.909372963581007e-09,0.7,2.909372963581007e-09,0.7015285703895039
3.009372963581007e-09,0.7,3.009372963581007e-09,0.6953577025079195
3.109372963581007e-09,0.7,3.109372963581007e-09,0.6891400004261362
3.209372963581008e-09,0.7,3.209372963581008e-09,0.6833876002845618
3.309372963581008e-09,0.7,3.309372963581008e-09,0.6785671149449658
3.409372963581008e-09,0.7,3.409372963581008e-09,0.6750414446296964
3.509372963581008e-09,0.7,3.509372963581008e-09,0.6730149232225598
3.609372963581009e-09,0.7,3.609372963581009e-09,0.6725162501904254
3.709372963581009e-09,0.7,3.709372963581009e-09,0.6734257294484948
3.809372963581009e-09,0.7,3.809372963581009e-09,0.6755311308272212
3.909372963581009e-09,0.7,3.909372963581009e-09,0.6785676008562089
4.00937296358101e-09,0.7,4.00937296358101e-09,0.6822728919991428
4.10937296358101e-09,0.7,4.10937296358101e-09,0.6864116414365826
4.20937296358101e-09,0.7,4.20937296358101e-09,0.6907827887808703
4.30937296358101e-09,0.7,4.30937296358101e-09,0.6952154025612601
4.40937296358101e-09,0.7,4.40937296358101e-09,0.6995600165779561
4.509372963581011e-09,0.7,4.509372963581011e-09,0.7036794018976289
4.609372963581011e-09,0.7,4.609372963581011e-09,0.7074408949860349
4.709372963581011e-09,0.7,4.709372963581011e-09,0.7107121062046529
4.809372963581011e-09,0.7,4.809372963581011e-09,0.7133597448465389
4.909372963581011e-09,0.7,4.909372963581011e-09,0.7152531199030184
5.009372963581012e-09,0.7,5.009372963581012e-09,0.7162711903767719
5.109372963581012e-09,0.7,5.109372963581012e-09,0.7163145238811935
5.209372963581012e-09,0.7,5.209372963581012e-09,0.7153198788235184
5.309372963581012e-09,0.7,5.309372963581012e-09,0.7132774374917409
5.409372963581012e-09,0.7,5.409372963581012e-09,0.7102464290454475
5.509372963581013e-09,0.7,5.509372963581013e-09,0.7063672408193916
5.609372963581013e-09,0.7,5.609372963581013e-09,0.701863946038022
5.709372963581013e-09,0.7,5.709372963581013e-09,0.6970449957015531
5.809372963581013e-09,0.7,5.809372963581013e-09,0.6922753860100268
5.909372963581014e-09,0.7,5.909372963581014e-09,0.6879282227349806
6.009372963581014e-09,0.7,6.009372963581014e-09,0.6843432193315087
6.109372963581015e-09,0.7,6.109372963581015e-09,0.681778155149972
6.209372963581015e-09,0.7,6.209372963581015e-09,0.6803760914693719
6.309372963581015e-09,0.7,6.309372963581015e-09,0.6801576382570488
6.409372963581015e-09,0.7,6.409372963581015e-09,0.6810373378891876
6.509372963581016e-09,0.7,6.509372963581016e-09,0.6828605480755716
6.609372963581016e-09,0.7,6.609372963581016e-09,0.6854395995112442
6.709372963581016e-09,0.7,6.709372963581016e-09,0.6885694147876541
6.809372963581016e-09,0.7,6.809372963581016e-09,0.6920551078839834
6.909372963581016e-09,0.7,6.909372963581016e-09,0.6957198102860989
7.009372963581017e-09,0.7,7.009372963581017e-09,0.6994045619048268
7.109372963581017e-09,0.7,7.109372963581017e-09,0.7029648513503122
7.209372963581017e-09,0.7,7.209372963581017e-09,0.7062655988675512
7.309372963581017e-09,0.7,7.309372963581017e-09,0.709178206404403
7.409372963581017e-09,0.7,7.409372963581017e-09,0.711578927887654
7.509372963581017e-09,0.7,7.509372963581017e-09,0.713351415927673
7.609372963581018e-09,0.7,7.609372963581018e-09,0.7143913123156328
7.709372963581019e-09,0.7,7.709372963581019e-09,0.7146153066286571
7.809372963581018e-09,0.7,7.809372963581018e-09,0.7139713595835849
7.909372963581019e-09,0.7,7.909372963581019e-09,0.7124515589903767
8.009372963581018e-09,0.7,8.009372963581018e-09,0.7101028925196524
8.109372963581019e-09,0.7,8.109372963581019e-09,0.7070357582404841
8.20937296358102e-09,0.7,8.20937296358102e-09,0.7034290167110997
8.309372963581019e-09,0.7,8.309372963581019e-09,0.6995318335463631
8.40937296358102e-09,0.7,8.40937296358102e-09,0.6956269104557299
8.509372963581019e-09,0.7,8.509372963581019e-09,0.6920122186758644
8.60937296358102e-09,0.7,8.60937296358102e-09,0.6889642385664518
8.709372963581021e-09,0.7,8.709372963581021e-09,0.6867023716913651
8.80937296358102e-09,0.7,8.80937296358102e-09,0.6853626085352784
8.909372963581021e-09,0.7,8.909372963581021e-09,0.6849880220211969
9.009372963581021e-09,0.7,9.009372963581021e-09,0.685536869323673
9.109372963581022e-09,0.7,9.109372963581022e-09,0.6869016586874819
9.209372963581022e-09,0.7,9.209372963581022e-09,0.6889392730827031
9.309372963581022e-09,0.7,9.309372963581022e-09,0.6914906345361244
9.409372963581023e-09,0.7,9.409372963581023e-09,0.6943877082115785
9.509372963581022e-09,0.7,9.509372963581022e-09,0.6974703668693704
9.609372963581023e-09,0.7,9.609372963581023e-09,0.7005894813021805
9.709372963581024e-09,0.7,9.709372963581024e-09,0.703607147497109
9.809372963581023e-09,0.7,9.809372963581023e-09,0.7063945005660357
9.909372963581024e-09,0.7,9.909372963581024e-09,0.7088310413991415
1.000937296358102e-08,0.7,1.000937296358102e-08,0.7108042442899473
1.010937296358102e-08,0.7,1.010937296358102e-08,0.7122127425993565
1.020937296358102e-08,0.7,1.020937296358102e-08,0.7129704992436462
1.030937296358102e-08,0.7,1.030937296358102e-08,0.7130147129145047
1.040937296358102e-08,0.7,1.040937296358102e-08,0.7123137196438615
1.050937296358102e-08,0.7,1.050937296358102e-08,0.7108768269583186
1.060937296358103e-08,0.7,1.060937296358103e-08,0.7087610959645511
1.070937296358103e-08,0.7,1.070937296358103e-08,0.7060768713524961
1.080937296358103e-08,0.7,1.080937296358103e-08,0.7029985147782621
1.090937296358103e-08,0.7,1.090937296358103e-08,0.6997357839155273
1.100937296358103e-08,0.7,1.100937296358103e-08,0.6965261029939636
1.110937296358103e-08,0.7,1.110937296358103e-08,0.693610528859098
1.120937296358103e-08,0.7,1.120937296358103e-08,0.6912049388973678
1.130937296358103e-08,0.7,1.130937296358103e-08,0.6894750335807646
1.140937296358103e-08,0.7,1.140937296358103e-08,0.6885186424907201
1.150937296358103e-08,0.7,1.150937296358103e-08,0.688361425449998
1.160937296358103e-08,0.7,1.160937296358103e-08,0.688963711084805
1.170937296358103e-08,0.7,1.170937296358103e-08,0.690236060125256
1.180937296358103e-08,0.7,1.180937296358103e-08,0.6920560827903193
1.190937296358103e-08,0.7,1.190937296358103e-08,0.6942938227478209
1.200937296358103e-08,0.7,1.200937296358103e-08,0.6968054731172388
1.210937296358103e-08,0.7,1.210937296358103e-08,0.6994509467684561
1.220937296358103e-08,0.7,1.220937296358103e-08,0.7020968797840478
1.230937296358103e-08,0.7,1.230937296358103e-08,0.7046185269815751
1.240937296358103e-08,0.7,1.240937296358103e-08,0.7068991430329521
1.250937296358103e-08,0.7,1.250937296358103e-08,0.7088313332457874
1.260937296358103e-08,0.7,1.260937296358103e-08,0.7103178463867542
1.270937296358103e-08,0.7,1.270937296358103e-08,0.7112758412264716
1.280937296358103e-08,0.7,1.280937296358103e-08,0.7116409464181863
1.290937296358103e-08,0.7,1.290937296358103e-08,0.7113745932028692
1.300937296358103e-08,0.7,1.300937296358103e-08,0.7104699298729843
1.310937296358103e-08,0.7,1.310937296358103e-08,0.7089591404224131
1.320937296358103e-08,0.7,1.320937296358103e-08,0.7069153085702148
1.330937296358103e-08,0.7,1.330937296358103e-08,0.7044678247666795
1.340937296358103e-08,0.7,1.340937296358103e-08,0.7017764308324096
1.350937296358103e-08,0.7,1.350937296358103e-08,0.6990301489757886
1.360937296358103e-08,0.7,1.360937296358103e-08,0.6964292304941518
1.370937296358103e-08,0.7,1.370937296358103e-08,0.6941646745338989
1.380937296358103e-08,0.7,1.380937296358103e-08,0.6923963659333099
1.390937296358103e-08,0.7,1.390937296358103e-08,0.6912367838129688
1.400937296358103e-08,0.7,1.400937296358103e-08,0.6907414348569872
1.410937296358103e-08,0.7,1.410937296358103e-08,0.6909096400474269
1.420937296358103e-08,0.7,1.420937296358103e-08,0.691692127431642
1.430937296358103e-08,0.7,1.430937296358103e-08,0.6930033044081564
1.440937296358103e-08,0.7,1.440937296358103e-08,0.694735938851085
1.450937296358103e-08,0.7,1.450937296358103e-08,0.6967753265823853
1.460937296358103e-08,0.7,1.460937296358103e-08,0.6989967246422957
1.470937296358104e-08,0.7,1.470937296358104e-08,0.7012780803626608
1.480937296358103e-08,0.7,1.480937296358103e-08,0.7035023983134536
1.490937296358104e-08,0.7,1.490937296358104e-08,0.7055602265951281
1.500937296358104e-08,0.7,1.500937296358104e-08,0.7073501039973258
1.510937296358104e-08,0.7,1.510937296358104e-08,0.7087812064843008
1.520937296358103e-08,0.7,1.520937296358103e-08,0.7097751574224216
1.530937296358104e-08,0.7,1.530937296358104e-08,0.7102708748599847
1.540937296358104e-08,0.7,1.540937296358104e-08,0.7102284703708283
1.550937296358104e-08,0.7,1.550937296358104e-08,0.7096355695223906
1.560937296358104e-08,0.7,1.560937296358104e-08,0.7085112686952822
1.570937296358104e-08,0.7,1.570937296358104e-08,0.7069094297447832
1.580937296358104e-08,0.7,1.580937296358104e-08,0.7049292628573873
1.590937296358104e-08,0.7,1.590937296358104e-08,0.7026980820473022
1.600937296358104e-08,0.7,1.600937296358104e-08,0.7003682623105302
1.610937296358104e-08,0.7,1.610937296358104e-08,0.6981060220016685
1.620937296358104e-08,0.7,1.620937296358104e-08,0.6960742953847729
1.630937296358104e-08,0.7,1.630937296358104e-08,0.6944166908262852
1.640937296358104e-08,0.7,1.640937296358104e-08,0.6932419899502774
1.650937296358104e-08,0.7,1.650937296358104e-08,0.6926155481760757
1.660937296358104e-08,0.7,1.660937296358104e-08,0.6925557423507818
1.670937296358104e-08,0.7,1.670937296358104e-08,0.6930385065452154
1.680937296358104e-08,0.7,1.680937296358104e-08,0.6940047829524076
1.690937296358104e-08,0.7,1.690937296358104e-08,0.6953695720847465
1.700937296358104e-08,0.7,1.700937296358104e-08,0.6970386219559921
1.710937296358104e-08,0.7,1.710937296358104e-08,0.6989064936687071
1.720937296358104e-08,0.7,1.720937296358104e-08,0.7008639991861436
1.730937296358104e-08,0.7,1.730937296358104e-08,0.7028051942139506
1.740937296358104e-08,0.7,1.740937296358104e-08,0.7046289252535736
1.750937296358104e-08,0.7,1.750937296358104e-08,0.7062420160411966
1.760937296358104e-08,0.7,1.760937296358104e-08,0.7075601101653011
1.770937296358104e-08,0.7,1.770937296358104e-08,0.7085114662401134
1.780937296358104e-08,0.7,1.780937296358104e-08,0.7090389796663151
1.790937296358104e-08,0.7,1.790937296358104e-08,0.7091053899613344
1.800937296358104e-08,0.7,1.800937296358104e-08,0.7086961904731218
1.810937296358104e-08,0.7,1.810937296358104e-08,0.7078247843372414
1.820937296358104e-08,0.7,1.820937296358104e-08,0.7065328072380187
1.830937296358104e-08,0.7,1.830937296358104e-08,0.704900622375398
1.840937296358104e-08,0.7,1.840937296358104e-08,0.7030320171450479
1.850937296358104e-08,0.7,1.850937296358104e-08,0.7010530242021863
1.860937296358105e-08,0.7,1.860937296358105e-08,0.6991017517935763
1.870937296358104e-08,0.7,1.870937296358104e-08,0.6973168249314994
1.880937296358104e-08,0.7,1.880937296358104e-08,0.6958227584349937
1.890937296358104e-08,0.7,1.890937296358104e-08,0.6947188609299836
1.900937296358105e-08,0.7,1.900937296358105e-08,0.6940696083016977
1.910937296358105e-08,0.7,1.910937296358105e-08,0.6939019769266671
1.920937296358104e-08,0.7,1.920937296358104e-08,0.6942058093418058
1.930937296358105e-08,0.7,1.930937296358105e-08,0.6949401532474477
1.940937296358105e-08,0.7,1.940937296358105e-08,0.6960389208434112
1.950937296358105e-08,0.7,1.950937296358105e-08,0.697422450477429
1.960937296358105e-08,0.7,1.960937296358105e-08,0.6990025905507657
1.970937296358105e-08,0.7,1.970937296358105e-08,0.7006840152555984
1.980937296358105e-08,0.7,1.980937296358105e-08,0.7023713921395576
1.990937296358105e-08,0.7,1.990937296358105e-08,0.7039737630153537
2.000937296358105e-08,0.7,2.000937296358105e-08,0.7054057660280794
2.010937296358105e-08,0.7,2.010937296358105e-08,0.7065912265546457
2.020937296358105e-08,0.7,2.020937296358105e-08,0.707464351983489
2.030937296358105e-08,0.7,2.030937296358105e-08,0.7079739882325445
2.040937296358105e-08,0.7,2.040937296358105e-08,0.7080855464769973
2.050937296358105e-08,0.7,2.050937296358105e-08,0.707785754246594
2.060937296358105e-08,0.7,2.060937296358105e-08,0.7070842761965762
2.070937296358105e-08,0.7,2.070937296358105e-08,0.7060161498827934
2.080937296358105e-08,0.7,2.080937296358105e-08,0.7046476765465735
2.090937296358105e-08,0.7,2.090937296358105e-08,0.703066488473157
2.100937296358105e-08,0.7,2.100937296358105e-08,0.7013775969815049
2.110937296358105e-08,0.7,2.110937296358105e-08,0.699697754144936
2.120937296358105e-08,0.7,2.120937296358105e-08,0.6981439716849854
2.130937296358105e-08,0.7,2.130937296358105e-08,0.6968239112594208
2.140937296358105e-08,0.7,2.140937296358105e-08,0.6958246267108968
2.150937296358105e-08,0.7,2.150937296358105e-08,0.695206410734502
2.160937296358105e-08,0.7,2.160937296358105e-08,0.6949978126403442
2.170937296358105e-08,0.7,2.170937296358105e-08,0.6951970541999175
2.180937296358105e-08,0.7,2.180937296358105e-08,0.695774268937681
2.190937296358105e-08,0.7,2.190937296358105e-08,0.6966779562424047
2.200937296358105e-08,0.7,2.200937296358105e-08,0.6978401759831953
2.210937296358105e-08,0.7,2.210937296358105e-08,0.6991875755538502
2.220937296358105e-08,0.7,2.220937296358105e-08,0.7006363803897392
2.230937296358105e-08,0.7,2.230937296358105e-08,0.7021026919989726
2.240937296358105e-08,0.7,2.240937296358105e-08,0.7035044217069925
2.250937296358105e-08,0.7,2.250937296358105e-08,0.7047653868726123
2.260937296358105e-08,0.7,2.260937296358105e-08,0.7058163327194782
2.270937296358105e-08,0.7,2.270937296358105e-08,0.7065988457873621
2.280937296358105e-08,0.7,2.280937296358105e-08,0.7070665472376991
2.290937296358105e-08,0.7,2.290937296358105e-08,0.7071893818455801
2.300937296358105e-08,0.7,2.300937296358105e-08,0.7069548892748834
2.310937296358106e-08,0.7,2.310937296358106e-08,0.7063720320008697
2.320937296358105e-08,0.7,2.320937296358105e-08,0.7054702959539852
2.330937296358105e-08,0.7,2.330937296358105e-08,0.7043069503312557
2.340937296358106e-08,0.7,2.340937296358106e-08,0.7029561225609288
2.350937296358106e-08,0.7,2.350937296358106e-08,0.7015075814401507
2.360937296358106e-08,0.7,2.360937296358106e-08,0.7000597582660513
2.370937296358105e-08,0.7,2.370937296358105e-08,0.6987127967265531
2.380937296358106e-08,0.7,2.380937296358106e-08,0.6975583413975591
2.390937296358106e-08,0.7,2.390937296358106e-08,0.6966726649813696
2.400937296358106e-08,0.7,2.400937296358106e-08,0.696109122897683
2.410937296358106e-08,0.7,2.410937296358106e-08,0.6958959952900906
2.420937296358106e-08,0.7,2.420937296358106e-08,0.6960348309009338
2.430937296358106e-08,0.7,2.430937296358106e-08,0.6965040239283479
2.440937296358106e-08,0.7,2.440937296358106e-08,0.6972615587567502
2.450937296358106e-08,0.7,2.450937296358106e-08,0.6982504667873471
2.460937296358106e-08,0.7,2.460937296358106e-08,0.699407930668387
2.470937296358106e-08,0.7,2.470937296358106e-08,0.7006615966609807
2.480937296358106e-08,0.7,2.480937296358106e-08,0.7019367434503142
2.490937296358106e-08,0.7,2.490937296358106e-08,0.7031610182408236
2.500937296358106e-08,0.7,2.500937296358106e-08,0.7042656606885364
2.510937296358106e-08,0.7,2.510937296358106e-08,0.7051895198770728
2.520937296358106e-08,0.7,2.520937296358106e-08,0.7058798868786491
2.530937296358106e-08,0.7,2.530937296358106e-08,0.7062965084715024
2.540937296358106e-08,0.7,2.540937296358106e-08,0.7064124295395809
2.550937296358106e-08,0.7,2.550937296358106e-08,0.706217871004037
2.560937296358106e-08,0.7,2.560937296358106e-08,0.7057204280176033
2.570937296358106e-08,0.7,2.570937296358106e-08,0.7049469258216672
2.580937296358106e-08,0.7,2.580937296358106e-08,0.7039464504707819
2.590937296358106e-08,0.7,2.590937296358106e-08,0.7027837127777155
2.600937296358106e-08,0.7,2.600937296358106e-08,0.701535002461638
2.610937296358106e-08,0.7,2.610937296358106e-08,0.7002850903453969
2.620937296358106e-08,0.7,2.620937296358106e-08,0.6991188053101536
2.630937296358106e-08,0.7,2.630937296358106e-08,0.6981152688635641
2.640937296358106e-08,0.7,2.640937296358106e-08,0.6973396439060455
2.650937296358106e-08,0.7,2.650937296358106e-08,0.6968394200482169
2.660937296358106e-08,0.7,2.660937296358106e-08,0.696639889395789
2.670937296358106e-08,0.7,2.670937296358106e-08,0.6967450221981311
2.680937296358106e-08,0.7,2.680937296358106e-08,0.6971375420944581
2.690937296358106e-08,0.7,2.690937296358106e-08,0.6977835278384034
2.700937296358106e-08,0.7,2.700937296358106e-08,0.6986337927731834
2.710937296358107e-08,0.7,2.710937296358107e-08,0.6996351966242411
2.720937296358106e-08,0.7,2.720937296358106e-08,0.7007238948808363
2.730937296358106e-08,0.7,2.730937296358106e-08,0.7018347886272612
2.740937296358106e-08,0.7,2.740937296358106e-08,0.7029030099916521
2.750937296358107e-08,0.7,2.750937296358107e-08,0.7038681983778626
2.760937296358107e-08,0.7,2.760937296358107e-08,0.7046753018823119
2.770937296358106e-08,0.7,2.770937296358106e-08,0.705278495571192
2.780937296358106e-08,0.7,2.780937296358106e-08,0.7056417587499927
2.790937296358107e-08,0.7,2.790937296358107e-08,0.7057426548535483
2.800937296358107e-08,0.7,2.800937296358107e-08,0.7055725453967874
2.810937296358107e-08,0.7,2.810937296358107e-08,0.7051396569108598
2.820937296358107e-08,0.7,2.820937296358107e-08,0.7044673731882157
2.830937296358107e-08,0.7,2.830937296358107e-08,0.703599704792885
2.840937296358107e-08,0.7,2.840937296358107e-08,0.7025922641192466
2.850937296358107e-08,0.7,2.850937296358107e-08,0.7015116811545781
2.860937296358107e-08,0.7,2.860937296358107e-08,0.7004300734614419
2.870937296358107e-08,0.7,2.870937296358107e-08,0.6994208241393688
2.880937296358107e-08,0.7,2.880937296358107e-08,0.698551009444773
2.890937296358107e-08,0.7,2.890937296358107e-08,0.6978773515377467
2.900937296358107e-08,0.7,2.900937296358107e-08,0.697440367824709
2.910937296358107e-08,0.7,2.910937296358107e-08,0.6972632605427352
2.920937296358107e-08,0.7,2.920937296358107e-08,0.6973497476248007
2.930937296358107e-08,0.7,2.930937296358107e-08,0.6976866428941513
2.940937296358107e-08,0.7,2.940937296358107e-08,0.6982447746152471
2.950937296358107e-08,0.7,2.950937296358107e-08,0.6989827145372757
2.960937296358107e-08,0.7,2.960937296358107e-08,0.6998537354247767
2.970937296358107e-08,0.7,2.970937296358107e-08,0.7008027661722677
2.980937296358107e-08,0.7,2.980937296358107e-08,0.7017717181598212
2.990937296358107e-08,0.7,2.990937296358107e-08,0.7027040097300152
3.000937296358107e-08,0.7,3.000937296358107e-08,0.7035454070908306
3.010937296358107e-08,0.7,3.010937296358107e-08,0.7042480463301023
3.020937296358107e-08,0.7,3.020937296358107e-08,0.7047708502256077
3.030937296358107e-08,0.7,3.030937296358107e-08,0.7050832892353724
3.040937296358107e-08,0.7,3.040937296358107e-08,0.7051654796128011
3.050937296358107e-08,0.7,3.050937296358107e-08,0.7050114966411405
3.060937296358107e-08,0.7,3.060937296358107e-08,0.7046286771543537
3.070937296358107e-08,0.7,3.070937296358107e-08,0.7040391395768133
3.080937296358108e-08,0.7,3.080937296358108e-08,0.7032812129736072
3.090937296358107e-08,0.7,3.090937296358107e-08,0.702404375405684
3.100937296358107e-08,0.7,3.100937296358107e-08,0.7014657466941341
3.110937296358107e-08,0.7,3.110937296358107e-08,0.7005283197061062
3.120937296358107e-08,0.7,3.120937296358107e-08,0.6996544059690575
3.130937296358107e-08,0.7,3.130937296358107e-08,0.6989022745015741
3.140937296358107e-08,0.7,3.140937296358107e-08,0.6983198642500069
3.150937296358107e-08,0.7,3.150937296358107e-08,0.6979428287468405
3.160937296358108e-08,0.7,3.160937296358108e-08,0.6977906639151491
3.170937296358108e-08,0.7,3.170937296358108e-08,0.6978677001862574
3.180937296358108e-08,0.7,3.180937296358108e-08,0.6981622366525559
3.190937296358107e-08,0.7,3.190937296358107e-08,0.6986500775912423
3.200937296358107e-08,0.7,3.200937296358107e-08,0.6992947529496502
3.210937296358107e-08,0.7,3.210937296358107e-08,0.7000562725472618
3.220937296358107e-08,0.7,3.220937296358107e-08,0.7008855656405881
3.230937296358108e-08,0.7,3.230937296358108e-08,0.7017322813804497
3.240937296358108e-08,0.7,3.240937296358108e-08,0.7025456454165298
3.250937296358108e-08,0.7,3.250937296358108e-08,0.7032785840452422
3.260937296358108e-08,0.7,3.260937296358108e-08,0.7038881176801349
3.270937296358108e-08,0.7,3.270937296358108e-08,0.7043391268700768
3.280937296358108e-08,0.7,3.280937296358108e-08,0.7046043863495268
3.290937296358107e-08,0.7,3.290937296358107e-08,0.70466796777758
3.300937296358108e-08,0.7,3.300937296358108e-08,0.7045247212822401
3.310937296358108e-08,0.7,3.310937296358108e-08,0.7041828826457924
3.320937296358108e-08,0.7,3.320937296358108e-08,0.7036618641046779
3.330937296358108e-08,0.7,3.330937296358108e-08,0.7029967880871795
3.340937296358108e-08,0.7,3.340937296358108e-08,0.7022303441037213
3.350937296358108e-08,0.7,3.350937296358108e-08,0.7014131464054197
3.360937296358108e-08,0.7,3.360937296358108e-08,0.7005989616085517
3.370937296358108e-08,0.7,3.370937296358108e-08,0.6998422538230866
3.380937296358108e-08,0.7,3.380937296358108e-08,0.6991922862581438
3.390937296358108e-08,0.7,3.390937296358108e-08,0.6986909347248509
3.400937296358108e-08,0.7,3.400937296358108e-08,0.6983680174155699
3.410937296358108e-08,0.7,3.410937296358108e-08,0.6982410712374229
3.420937296358108e-08,0.7,3.420937296358108e-08,0.6983131039025418
3.430937296358108e-08,0.7,3.430937296358108e-08,0.6985748220898232
3.440937296358108e-08,0.7,3.440937296358108e-08,0.6990044623933248
3.450937296358108e-08,0.7,3.450937296358108e-08,0.6995711961840916
3.460937296358108e-08,0.7,3.460937296358108e-08,0.7002390753796384
3.470937296358108e-08,0.7,3.470937296358108e-08,0.7009658152007321
3.480937296358108e-08,0.7,3.480937296358108e-08,0.7017062168843042
3.490937296358108e-08,0.7,3.490937296358108e-08,0.7024163319425497
3.500937296358108e-08,0.7,3.500937296358108e-08,0.7030538255174313
3.510937296358108e-08,0.7,3.510937296358108e-08,0.7035818017816078
3.520937296358108e-08,0.7,3.520937296358108e-08,0.7039687869247696
3.530937296358108e-08,0.7,3.530937296358108e-08,0.7041922069822313
3.540937296358108e-08,0.7,3.540937296358108e-08,0.7042379263644896
3.550937296358108e-08,0.7,3.550937296358108e-08,0.7041031605125535
3.560937296358109e-08,0.7,3.560937296358109e-08,0.7037952045942506
3.570937296358109e-08,0.7,3.570937296358109e-08,0.7033327790649809
3.580937296358109e-08,0.7,3.580937296358109e-08,0.702746573637268
3.590937296358108e-08,0.7,3.590937296358108e-08,0.7020750389629655
3.600937296358108e-08,0.7,3.600937296358108e-08,0.7013616404207194
3.610937296358108e-08,0.7,3.610937296358108e-08,0.7006538760788272
3.620937296358108e-08,0.7,3.620937296358108e-08,0.699997966682376
3.630937296358108e-08,0.7,3.630937296358108e-08,0.6994370687156418
3.640937296358109e-08,0.7,3.640937296358109e-08,0.699006283372702
3.650937296358109e-08,0.7,3.650937296358109e-08,0.698731901743021
3.660937296358109e-08,0.7,3.660937296358109e-08,0.6986280687999598
3.670937296358109e-08,0.7,3.670937296358109e-08,0.6986980088024723
3.680937296358109e-08,0.7,3.680937296358109e-08,0.6989327197176934
3.690937296358109e-08,0.7,3.690937296358109e-08,0.699313899546145
3.700937296358108e-08,0.7,3.700937296358108e-08,0.6998138669390451
3.710937296358109e-08,0.7,3.710937296358109e-08,0.7004017170678487
3.720937296358109e-08,0.7,3.720937296358109e-08,0.7010393665530488
3.730937296358109e-08,0.7,3.730937296358109e-08,0.701687832387894
3.740937296358109e-08,0.7,3.740937296358109e-08,0.7023075043449318
3.750937296358109e-08,0.7,3.750937296358109e-08,0.7028619990691575
3.760937296358109e-08,0.7,3.760937296358109e-08,0.7033181152501183
3.770937296358109e-08,0.7,3.770937296358109e-08,0.7036493655052011
3.780937296358109e-08,0.7,3.780937296358109e-08,0.7038355423675275
3.790937296358109e-08,0.7,3.790937296358109e-08,0.7038658090444033
3.800937296358109e-08,0.7,3.800937296358109e-08,0.703737666050982
3.810937296358109e-08,0.7,3.810937296358109e-08,0.7034592698864991
3.820937296358109e-08,0.7,3.820937296358109e-08,0.7030469392156959
3.830937296358109e-08,0.7,3.830937296358109e-08,0.7025291894615735
3.840937296358109e-08,0.7,3.840937296358109e-08,0.7019391107539564
3.850937296358109e-08,0.7,3.850937296358109e-08,0.7013156506235347
3.860937296358109e-08,0.7,3.860937296358109e-08,0.7006993103830413
3.870937296358109e-08,0.7,3.870937296358109e-08,0.7001308949184397
3.880937296358109e-08,0.7,3.880937296358109e-08,0.699646732585248
3.890937296358109e-08,0.7,3.890937296358109e-08,0.6992777283075287
3.900937296358109e-08,0.7,3.900937296358109e-08,0.6990455006260646
3.910937296358109e-08,0.7,3.910937296358109e-08,0.6989628067451955
3.920937296358109e-08,0.7,3.920937296358109e-08,0.6990313377014217
3.930937296358109e-08,0.7,3.930937296358109e-08,0.6992438248134634
3.940937296358109e-08,0.7,3.940937296358109e-08,0.6995832186160046
3.950937296358109e-08,0.7,3.950937296358109e-08,0.700026133789783
3.960937296358109e-08,0.7,3.960937296358109e-08,0.7005442932748556
3.97093729635811e-08,0.7,3.97093729635811e-08,0.7011049871097413
3.98093729635811e-08,0.7,3.98093729635811e-08,0.7016729533748195
3.99093729635811e-08,0.7,3.99093729635811e-08,0.7022141735600287
4.000937296358109e-08,0.7,4.000937296358109e-08,0.7026957859480005
4.010937296358109e-08,0.7,4.010937296358109e-08,0.7030896417361658
4.020937296358109e-08,0.7,4.020937296358109e-08,0.703371889126868
4.030937296358109e-08,0.7,4.030937296358109e-08,0.7035261675094062
4.040937296358109e-08,0.7,4.040937296358109e-08,0.7035427221515116
4.05093729635811e-08,0.7,4.05093729635811e-08,0.7034210216499748
4.06093729635811e-08,0.7,4.06093729635811e-08,0.7031681414897618
4.07093729635811e-08,0.7,4.07093729635811e-08,0.7027999197508438
4.08093729635811e-08,0.7,4.08093729635811e-08,0.702341252074224
4.09093729635811e-08,0.7,4.09093729635811e-08,0.7018222402033865
4.100937296358109e-08,0.7,4.100937296358109e-08,0.7012762394954386
4.110937296358109e-08,0.7,4.110937296358109e-08,0.700739399090871
4.12093729635811e-08,0.7,4.12093729635811e-08,0.7002462251178663
4.13093729635811e-08,0.7,4.13093729635811e-08,0.6998288573178112
4.14093729635811e-08,0.7,4.14093729635811e-08,0.6995129557477689
4.15093729635811e-08,0.7,4.15093729635811e-08,0.6993177590054789
4.16093729635811e-08,0.7,4.16093729635811e-08,0.6992531471501519
4.17093729635811e-08,0.7,4.17093729635811e-08,0.699321077242103
4.18093729635811e-08,0.7,4.18093729635811e-08,0.6995140593060282
4.19093729635811e-08,0.7,4.19093729635811e-08,0.6998177221027926
4.20093729635811e-08,0.7,4.20093729635811e-08,0.7002106646362322
4.21093729635811e-08,0.7,4.21093729635811e-08,0.7006686112615781
4.22093729635811e-08,0.7,4.22093729635811e-08,0.70116177942963
4.23093729635811e-08,0.7,4.23093729635811e-08,0.7016599529114911
4.24093729635811e-08,0.7,4.24093729635811e-08,0.702132269190419
4.25093729635811e-08,0.7,4.25093729635811e-08,0.7025507791810744
4.26093729635811e-08,0.7,4.26093729635811e-08,0.7028900045410051
4.27093729635811e-08,0.7,4.27093729635811e-08,0.7031302129384129
4.28093729635811e-08,0.7,4.28093729635811e-08,0.7032566004689434
4.29093729635811e-08,0.7,4.29093729635811e-08,0.7032621215539785
4.30093729635811e-08,0.7,4.30093729635811e-08,0.703146098591714
4.31093729635811e-08,0.7,4.31093729635811e-08,0.7029163451521533
4.32093729635811e-08,0.7,4.32093729635811e-08,0.702586626702684
4.33093729635811e-08,0.7,4.33093729635811e-08,0.7021801493386852
4.34093729635811e-08,0.7,4.34093729635811e-08,0.7017226982161224
4.35093729635811e-08,0.7,4.35093729635811e-08,0.7012444679017377
4.36093729635811e-08,0.7,4.36093729635811e-08,0.7007761488757075
4.37093729635811e-08,0.7,4.37093729635811e-08,0.7003485235840166
4.380937296358111e-08,0.7,4.380937296358111e-08,0.6999884599504833
4.390937296358111e-08,0.7,4.390937296358111e-08,0.6997188044137788
4.40093729635811e-08,0.7,4.40093729635811e-08,0.699555075467254
4.41093729635811e-08,0.7,4.41093729635811e-08,0.6995063448367452
4.42093729635811e-08,0.7,4.42093729635811e-08,0.6995731014084807
4.43093729635811e-08,0.7,4.43093729635811e-08,0.6997493176086583
4.44093729635811e-08,0.7,4.44093729635811e-08,0.7000212313819002
4.450937296358111e-08,0.7,4.450937296358111e-08,0.7003708602939692
4.460937296358111e-08,0.7,4.460937296358111e-08,0.7007756559946993
4.470937296358111e-08,0.7,4.470937296358111e-08,0.7012101932571978
4.480937296358111e-08,0.7,4.480937296358111e-08,0.7016468964025747
4.490937296358111e-08,0.7,4.490937296358111e-08,0.7020595018945491
4.50093729635811e-08,0.7,4.50093729635811e-08,0.7024225855101843
4.51093729635811e-08,0.7,4.51093729635811e-08,0.7027148428507149
4.52093729635811e-08,0.7,4.52093729635811e-08,0.7029183322178791
4.530937296358111e-08,0.7,4.530937296358111e-08,0.7030214106888558
4.540937296358111e-08,0.7,4.540937296358111e-08,0.7030175316941851
4.550937296358111e-08,0.7,4.550937296358111e-08,0.7029076455487622
4.560937296358111e-08,0.7,4.560937296358111e-08,0.7026983118608133
4.570937296358111e-08,0.7,4.570937296358111e-08,0.7024032117789595
4.580937296358111e-08,0.7,4.580937296358111e-08,0.7020421889208289
4.590937296358111e-08,0.7,4.590937296358111e-08,0.7016390188964533
4.600937296358111e-08,0.7,4.600937296358111e-08,0.7012194043182237
4.610937296358111e-08,0.7,4.610937296358111e-08,0.7008110243786869
4.620937296358111e-08,0.7,4.620937296358111e-08,0.7004397424678869
4.630937296358111e-08,0.7,4.630937296358111e-08,0.7001296049399908
4.640937296358111e-08,0.7,4.640937296358111e-08,0.6998993486028597
4.650937296358111e-08,0.7,4.650937296358111e-08,0.6997630001739886
4.660937296358111e-08,0.7,4.660937296358111e-08,0.6997272411087012
4.670937296358111e-08,0.7,4.670937296358111e-08,0.6997929910449756
4.680937296358111e-08,0.7,4.680937296358111e-08,0.6999537812553518
4.690937296358111e-08,0.7,4.690937296358111e-08,0.7001980877135472
4.700937296358111e-08,0.7,4.700937296358111e-08,0.7005091471905958
4.710937296358111e-08,0.7,4.710937296358111e-08,0.7008677225657447
4.720937296358111e-08,0.7,4.720937296358111e-08,0.7012504028075809
4.730937296358111e-08,0.7,4.730937296358111e-08,0.7016337604518382
4.740937296358111e-08,0.7,4.740937296358111e-08,0.7019937644333909
4.750937296358111e-08,0.7,4.750937296358111e-08,0.7023090488447723
4.760937296358111e-08,0.7,4.760937296358111e-08,0.7025601473762648
4.770937296358111e-08,0.7,4.770937296358111e-08,0.702732511696598
4.780937296358111e-08,0.7,4.780937296358111e-08,0.7028154040142682
4.790937296358112e-08,0.7,4.790937296358112e-08,0.7028045015621756
4.800937296358111e-08,0.7,4.800937296358111e-08,0.7027002767533176
4.810937296358111e-08,0.7,4.810937296358111e-08,0.7025099520076837
4.820937296358111e-08,0.7,4.820937296358111e-08,0.7022452484540614
4.830937296358111e-08,0.7,4.830937296358111e-08,0.7019247834163186
4.840937296358111e-08,0.7,4.840937296358111e-08,0.701568796886458
4.850937296358111e-08,0.7,4.850937296358111e-08,0.7012008008696989
4.860937296358112e-08,0.7,4.860937296358112e-08,0.7008441252281774
4.870937296358112e-08,0.7,4.870937296358112e-08,0.7005221114921503
4.880937296358112e-08,0.7,4.880937296358112e-08,0.7002546621121329
4.890937296358112e-08,0.7,4.890937296358112e-08,0.7000587041843812
4.900937296358111e-08,0.7,4.900937296358111e-08,0.6999452794174239
4.910937296358111e-08,0.7,4.910937296358111e-08,0.6999207349024528
4.920937296358111e-08,0.7,4.920937296358111e-08,0.6999846593632588
4.930937296358112e-08,0.7,4.930937296358112e-08,0.7001319285195983
4.940937296358112e-08,0.7,4.940937296358112e-08,0.7003512494655967
4.950937296358112e-08,0.7,4.950937296358112e-08,0.7006286748029199
4.960937296358112e-08,0.7,4.960937296358112e-08,0.7009460852927515
4.970937296358112e-08,0.7,4.970937296358112e-08,0.7012836712203319
4.980937296358112e-08,0.7,4.980937296358112e-08,0.7016198309854744
4.990937296358112e-08,0.7,4.990937296358112e-08,0.7019343405745215
5.000937296358111e-08,0.7,5.000937296358111e-08,0.7022075702204458
5.010937296358112e-08,0.7,5.010937296358112e-08,0.7024235053837022
5.020937296358112e-08,0.7,5.020937296358112e-08,0.7025687178502115
5.030937296358112e-08,0.7,5.030937296358112e-08,0.7026350739693832
5.040937296358112e-08,0.7,5.040937296358112e-08,0.7026183066460123
5.050937296358112e-08,0.7,5.050937296358112e-08,0.7025202518420459
5.060937296358112e-08,0.7,5.060937296358112e-08,0.7023468062533121
5.070937296358112e-08,0.7,5.070937296358112e-08,0.7021097165365839
5.080937296358112e-08,0.7,5.080937296358112e-08,0.7018247071694562
5.090937296358112e-08,0.7,5.090937296358112e-08,0.701510644052266
5.100937296358112e-08,0.7,5.100937296358112e-08,0.7011873651577577
5.110937296358112e-08,0.7,5.110937296358112e-08,0.7008761569693537
5.120937296358112e-08,0.7,5.120937296358112e-08,0.7005964455354453
5.130937296358112e-08,0.7,5.130937296358112e-08,0.7003662928572595
5.140937296358112e-08,0.7,5.140937296358112e-08,0.700199352541551
5.150937296358112e-08,0.7,5.150937296358112e-08,0.7001058318619037
5.160937296358112e-08,0.7,5.160937296358112e-08,0.7000900843078357
5.170937296358112e-08,0.7,5.170937296358112e-08,0.70015228959839
5.180937296358112e-08,0.7,5.180937296358112e-08,0.7002867813555638
5.190937296358113e-08,0.7,5.190937296358113e-08,0.7004842229784193
5.200937296358112e-08,0.7,5.200937296358112e-08,0.7007313621810372
5.210937296358112e-08,0.7,5.210937296358112e-08,0.7010128933522302
5.220937296358112e-08,0.7,5.220937296358112e-08,0.701310349296285
5.230937296358112e-08,0.7,5.230937296358112e-08,0.7016055792775787
5.240937296358112e-08,0.7,5.240937296358112e-08,0.701879876323343
5.250937296358112e-08,0.7,5.250937296358112e-08,0.702116980543251
5.260937296358112e-08,0.7,5.260937296358112e-08,0.7023020604588925
5.270937296358113e-08,0.7,5.270937296358113e-08,0.702424496645885
5.280937296358113e-08,0.7,5.280937296358113e-08,0.7024765614011075
5.290937296358113e-08,0.7,5.290937296358113e-08,0.7024558353014247
5.300937296358112e-08,0.7,5.300937296358112e-08,0.7023634464853133
5.310937296358112e-08,0.7,5.310937296358112e-08,0.7022059113494841
5.320937296358112e-08,0.7,5.320937296358112e-08,0.7019931169550542
5.330937296358112e-08,0.7,5.330937296358112e-08,0.7017399884281547
5.340937296358113e-08,0.7,5.340937296358113e-08,0.7014624053707685
5.350937296358113e-08,0.7,5.350937296358113e-08,0.7011787312076555
5.360937296358113e-08,0.7,5.360937296358113e-08,0.7009067258630244
5.370937296358113e-08,0.7,5.370937296358113e-08,0.7006641604082752
5.380937296358113e-08,0.7,5.380937296358113e-08,0.7004657801190459
5.390937296358113e-08,0.7,5.390937296358113e-08,0.7003241540149647
5.400937296358112e-08,0.7,5.400937296358112e-08,0.700247058814128
5.410937296358113e-08,0.7,5.410937296358113e-08,0.7002388720428838
5.420937296358113e-08,0.7,5.420937296358113e-08,0.7002985797694853
5.430937296358113e-08,0.7,5.430937296358113e-08,0.7004217971910366
5.440937296358113e-08,0.7,5.440937296358113e-08,0.7005991778233425
5.450937296358113e-08,0.7,5.450937296358113e-08,0.7008198511887394
5.460937296358113e-08,0.7,5.460937296358113e-08,0.7010691948905444
5.470937296358113e-08,0.7,5.470937296358113e-08,0.7013317656072561
5.480937296358113e-08,0.7,5.480937296358113e-08,0.7015906211448679
5.490937296358113e-08,0.7,5.490937296358113e-08,0.70183023262623
5.500937296358113e-08,0.7,5.500937296358113e-08,0.7020354631506563
5.510937296358113e-08,0.7,5.510937296358113e-08,0.7021943530997471
5.520937296358113e-08,0.7,5.520937296358113e-08,0.7022968872651605
5.530937296358113e-08,0.7,5.530937296358113e-08,0.7023375044940967
5.540937296358113e-08,0.7,5.540937296358113e-08,0.7023135194959346
5.550937296358113e-08,0.7,5.550937296358113e-08,0.7022272304942139
5.560937296358113e-08,0.7,5.560937296358113e-08,0.7020838062388364
5.570937296358113e-08,0.7,5.570937296358113e-08,0.701893256584405
5.580937296358113e-08,0.7,5.580937296358113e-08,0.7016679996896921
5.590937296358113e-08,0.7,5.590937296358113e-08,0.7014230234025819
5.600937296358113e-08,0.7,5.600937296358113e-08,0.70117364137928
5.610937296358113e-08,0.7,5.610937296358113e-08,0.7009362785327292
5.620937296358113e-08,0.7,5.620937296358113e-08,0.7007255342525168
5.630937296358113e-08,0.7,5.630937296358113e-08,0.7005550208216891
5.640937296358113e-08,0.7,5.640937296358113e-08,0.7004346532570567
5.650937296358113e-08,0.7,5.650937296358113e-08,0.7003718507975781
5.660937296358113e-08,0.7,5.660937296358113e-08,0.7003693068848537
5.670937296358114e-08,0.7,5.670937296358114e-08,0.7004267231937973
5.680937296358114e-08,0.7,5.680937296358114e-08,0.7005391244034257
5.690937296358114e-08,0.7,5.690937296358114e-08,0.7006989183173523
5.700937296358113e-08,0.7,5.700937296358113e-08,0.700895560861548
5.710937296358113e-08,0.7,5.710937296358113e-08,0.7011168632120508
5.720937296358113e-08,0.7,5.720937296358113e-08,0.7013482240033101
5.730937296358113e-08,0.7,5.730937296358113e-08,0.7015756038390456
5.740937296358113e-08,0.7,5.740937296358113e-08,0.7017844411764579
5.750937296358114e-08,0.7,5.750937296358114e-08,0.701962418710229
5.760937296358114e-08,0.7,5.760937296358114e-08,0.7020982557326723
5.770937296358114e-08,0.7,5.770937296358114e-08,0.7021842829590602
5.780937296358114e-08,0.7,5.780937296358114e-08,0.702214974756602
5.790937296358114e-08,0.7,5.790937296358114e-08,0.7021892080051436
5.800937296358113e-08,0.7,5.800937296358113e-08,0.7021084258153059
5.810937296358113e-08,0.7,5.810937296358113e-08,0.7019783983807144
5.820937296358114e-08,0.7,5.820937296358114e-08,0.7018073856018726
5.830937296358114e-08,0.7,5.830937296358114e-08,0.7016073424026742
5.840937296358114e-08,0.7,5.840937296358114e-08,0.7013907071263269
5.850937296358114e-08,0.7,5.850937296358114e-08,0.7011718538407362
5.860937296358114e-08,0.7,5.860937296358114e-08,0.7009643031589639
5.870937296358114e-08,0.7,5.870937296358114e-08,0.7007816301059391
5.880937296358114e-08,0.7,5.880937296358114e-08,0.7006347449737046
5.890937296358114e-08,0.7,5.890937296358114e-08,0.7005330003411336
5.900937296358114e-08,0.7,5.900937296358114e-08,0.7004818015200711
5.910937296358114e-08,0.7,5.910937296358114e-08,0.7004841249999426
5.920937296358114e-08,0.7,5.920937296358114e-08,0.700538595726016
5.930937296358114e-08,0.7,5.930937296358114e-08,0.7006414727808387
5.940937296358114e-08,0.7,5.940937296358114e-08,0.7007849898036901
5.950937296358114e-08,0.7,5.950937296358114e-08,0.7009606577151341
5.960937296358113e-08,0.7,5.960937296358113e-08,0.7011566496839001
5.970937296358114e-08,0.7,5.970937296358114e-08,0.7013609365690892
5.980937296358114e-08,0.7,5.980937296358114e-08,0.7015602184832922
5.990937296358114e-08,0.7,5.990937296358114e-08,0.7017426112837863
6.000937296358114e-08,0.7,6.000937296358114e-08,0.7018964501248942
6.010937296358115e-08,0.7,6.010937296358115e-08,0.7020128649124387
6.020937296358114e-08,0.7,6.020937296358114e-08,0.7020844027228753
6.030937296358115e-08,0.7,6.030937296358115e-08,0.7021073653311745
6.040937296358114e-08,0.7,6.040937296358114e-08,0.7020801399660359
6.050937296358114e-08,0.7,6.050937296358114e-08,0.7020052018390911
6.060937296358114e-08,0.7,6.060937296358114e-08,0.7018869888655329
6.070937296358114e-08,0.7,6.070937296358114e-08,0.7017339727107349
6.080937296358115e-08,0.7,6.080937296358115e-08,0.7015559225561672
6.090937296358114e-08,0.7,6.090937296358114e-08,0.7013647547260921
6.100937296358115e-08,0.7,6.100937296358115e-08,0.701172279048386
6.110937296358114e-08,0.7,6.110937296358114e-08,0.7009912038553274
6.120937296358115e-08,0.7,6.120937296358115e-08,0.7008324926294081
6.130937296358114e-08,0.7,6.130937296358114e-08,0.7007064343242124
6.140937296358115e-08,0.7,6.140937296358115e-08,0.7006201906451837
6.150937296358114e-08,0.7,6.150937296358114e-08,0.7005791506748936
6.160937296358114e-08,0.7,6.160937296358114e-08,0.7005848443594372
6.170937296358115e-08,0.7,6.170937296358115e-08,0.7006366972145883
6.180937296358114e-08,0.7,6.180937296358114e-08,0.7007303528494941
6.190937296358115e-08,0.7,6.190937296358115e-08,0.7008596397449302
6.200937296358114e-08,0.7,6.200937296358114e-08,0.7010161303242204
6.210937296358115e-08,0.7,6.210937296358115e-08,0.7011901282652971
6.220937296358114e-08,0.7,6.220937296358114e-08,0.7013700698343733
6.230937296358115e-08,0.7,6.230937296358115e-08,0.7015451224594175
6.240937296358115e-08,0.7,6.240937296358115e-08,0.7017039495099122
6.250937296358114e-08,0.7,6.250937296358114e-08,0.7018372669898729
6.260937296358115e-08,0.7,6.260937296358115e-08,0.7019365021250509
6.270937296358114e-08,0.7,6.270937296358114e-08,0.701996184359225
6.280937296358115e-08,0.7,6.280937296358115e-08,0.7020123835024782
6.290937296358114e-08,0.7,6.290937296358114e-08,0.7019848343231562
6.300937296358115e-08,0.7,6.300937296358115e-08,0.7019150721100336
6.310937296358115e-08,0.7,6.310937296358115e-08,0.7018081340103267
6.320937296358115e-08,0.7,6.320937296358115e-08,0.7016708572436881
6.330937296358115e-08,0.7,6.330937296358115e-08,0.7015128118068936
6.340937296358116e-08,0.7,6.340937296358116e-08,0.7013437171721484
6.350937296358115e-08,0.7,6.350937296358115e-08,0.7011748454689061
6.360937296358114e-08,0.7,6.360937296358114e-08,0.701016478696098
6.370937296358115e-08,0.7,6.370937296358115e-08,0.7008790166502163
6.380937296358115e-08,0.7,6.380937296358115e-08,0.7007705091558923
6.390937296358115e-08,0.7,6.390937296358115e-08,0.7006979301037852
6.400937296358115e-08,0.7,6.400937296358115e-08,0.7006649690579134
6.410937296358116e-08,0.7,6.410937296358116e-08,0.7006736196574079
6.420937296358115e-08,0.7,6.420937296358115e-08,0.7007223248214107
6.430937296358116e-08,0.7,6.430937296358116e-08,0.7008079074029832
6.440937296358115e-08,0.7,6.440937296358115e-08,0.7009239569903456
6.450937296358115e-08,0.7,6.450937296358115e-08,0.701063765112564
6.460937296358115e-08,0.7,6.460937296358115e-08,0.7012177922995092
6.470937296358115e-08,0.7,6.470937296358115e-08,0.701376687385138
6.480937296358115e-08,0.7,6.480937296358115e-08,0.7015300006174133
6.490937296358115e-08,0.7,6.490937296358115e-08,0.7016686733607816
6.500937296358116e-08,0.7,6.500937296358116e-08,0.7017837168488859
6.510937296358115e-08,0.7,6.510937296358115e-08,0.701868604130839
6.520937296358116e-08,0.7,6.520937296358116e-08,0.7019177950050008
6.530937296358115e-08,0.7,6.530937296358115e-08,0.7019289258344592
6.540937296358116e-08,0.7,6.540937296358116e-08,0.7019010924592375
6.550937296358115e-08,0.7,6.550937296358115e-08,0.7018367651954864
6.560937296358115e-08,0.7,6.560937296358115e-08,0.7017396887127705
6.570937296358116e-08,0.7,6.570937296358116e-08,0.7016169922911258
6.580937296358115e-08,0.7,6.580937296358115e-08,0.7014763282531743
6.590937296358116e-08,0.7,6.590937296358116e-08,0.7013271780745773
6.600937296358115e-08,0.7,6.600937296358115e-08,0.7011786316893373
6.610937296358116e-08,0.7,6.610937296358116e-08,0.7010405459316804
6.620937296358115e-08,0.7,6.620937296358115e-08,0.7009211359736451
6.630937296358116e-08,0.7,6.630937296358116e-08,0.7008282004855818
6.640937296358116e-08,0.7,6.640937296358116e-08,0.7007668716894735
6.650937296358115e-08,0.7,6.650937296358115e-08,0.7007410638803164
6.660937296358116e-08,0.7,6.660937296358116e-08,0.7007515053970285
6.670937296358115e-08,0.7,6.670937296358115e-08,0.7007974906068644
6.680937296358116e-08,0.7,6.680937296358116e-08,0.7008751999839554
6.690937296358115e-08,0.7,6.690937296358115e-08,0.7009797552921915
6.700937296358116e-08,0.7,6.700937296358116e-08,0.7011042076341606
6.710937296358116e-08,0.7,6.710937296358116e-08,0.7012409501904096
6.720937296358116e-08,0.7,6.720937296358116e-08,0.7013808128457192
6.730937296358116e-08,0.7,6.730937296358116e-08,0.7015154638800616
6.740937296358116e-08,0.7,6.740937296358116e-08,0.7016360745568326
6.750937296358116e-08,0.7,6.750937296358116e-08,0.7017356872648985
6.760937296358115e-08,0.7,6.760937296358115e-08,0.7018077888557825
6.770937296358116e-08,0.7,6.770937296358116e-08,0.7018485368549299
6.780937296358116e-08,0.7,6.780937296358116e-08,0.7018551486209873
6.790937296358116e-08,0.7,6.790937296358116e-08,0.7018279063141598
6.800937296358116e-08,0.7,6.800937296358116e-08,0.7017683010724708
6.810937296358116e-08,0.7,6.810937296358116e-08,0.7016806827881585
6.820937296358116e-08,0.7,6.820937296358116e-08,0.7015706630622939
6.830937296358117e-08,0.7,6.830937296358117e-08,0.7014459001258243
6.840937296358116e-08,0.7,6.840937296358116e-08,0.7013139660216522
6.850937296358115e-08,0.7,6.850937296358115e-08,0.7011837142123891
6.860937296358116e-08,0.7,6.860937296358116e-08,0.7010629467325704
6.870937296358116e-08,0.7,6.870937296358116e-08,0.7009596508148084
6.880937296358116e-08,0.7,6.880937296358116e-08,0.700879738518658
6.890937296358116e-08,0.7,6.890937296358116e-08,0.7008284204462812
6.900937296358117e-08,0.7,6.900937296358117e-08,0.7008081503347348
6.910937296358116e-08,0.7,6.910937296358116e-08,0.7008202406987878
6.920937296358117e-08,0.7,6.920937296358117e-08,0.7008630777418462
6.930937296358116e-08,0.7,6.930937296358116e-08,0.7009339759069696
6.940937296358117e-08,0.7,6.940937296358117e-08,0.7010277113624862
6.950937296358116e-08,0.7,6.950937296358116e-08,0.7011388812550015
6.960937296358116e-08,0.7,6.960937296358116e-08,0.7012598369235777
6.970937296358117e-08,0.7,6.970937296358117e-08,0.7013833303778033
6.980937296358116e-08,0.7,6.980937296358116e-08,0.7015011443489335
6.990937296358117e-08,0.7,6.990937296358117e-08,0.701606407031843
7.000937296358116e-08,0.7,7.000937296358116e-08,0.7016921894316185
7.010937296358117e-08,0.7,7.010937296358117e-08,0.7017537343612218
7.020937296358116e-08,0.7,7.020937296358116e-08,0.7017869243531888
7.030937296358117e-08,0.7,7.030937296358117e-08,0.7017903410578633
7.040937296358117e-08,0.7,7.040937296358117e-08,0.7017635350336583
7.050937296358116e-08,0.7,7.050937296358116e-08,0.7017088622753161
7.060937296358117e-08,0.7,7.060937296358117e-08,0.7016294359291019
7.070937296358116e-08,0.7,7.070937296358116e-08,0.7015312281607371
7.080937296358117e-08,0.7,7.080937296358117e-08,0.7014202050126566
7.090937296358017e-08,0.7,7.090937296358017e-08,0.701303916432206
7.100937296358016e-08,0.7,7.100937296358016e-08,0.7011893387736194
7.110937296358017e-08,0.7,7.110937296358017e-08,0.7010841340048696
7.120937296358017e-08,0.7,7.120937296358017e-08,0.700994435443579
7.130937296358017e-08,0.7,7.130937296358017e-08,0.7009261696276825
7.140937296358017e-08,0.7,7.140937296358017e-08,0.7008829731278327
7.150937296358016e-08,0.7,7.150937296358016e-08,0.7008676903306199
7.160937296358017e-08,0.7,7.160937296358017e-08,0.7008805088694038
7.170937296358016e-08,0.7,7.170937296358016e-08,0.7009206891914208
7.180937296358017e-08,0.7,7.180937296358017e-08,0.7009849015422058
7.190937296358017e-08,0.7,7.190937296358017e-08,0.7010693085767207
7.200937296358017e-08,0.7,7.200937296358017e-08,0.7011681698372638
7.210937296358017e-08,0.7,7.210937296358017e-08,0.7012755416249851
7.220937296358018e-08,0.7,7.220937296358018e-08,0.7013841436854428
7.230937296358017e-08,0.7,7.230937296358017e-08,0.7014875947079355
7.240937296358016e-08,0.7,7.240937296358016e-08,0.7015790142004573
7.250937296358017e-08,0.7,7.250937296358017e-08,0.7016532243939143
7.260937296358017e-08,0.7,7.260937296358017e-08,0.7017052738846096
7.270937296358017e-08,0.7,7.270937296358017e-08,0.7017325189634366
7.280937296358017e-08,0.7,7.280937296358017e-08,0.7017329951295312
7.290937296358018e-08,0.7,7.290937296358018e-08,0.7017073167133071
7.300937296358017e-08,0.7,7.300937296358017e-08,0.7016568591927413
7.310937296358018e-08,0.7,7.310937296358018e-08,0.7015853166728722
7.320937296358017e-08,0.7,7.320937296358017e-08,0.7014972857659786
7.330937296358018e-08,0.7,7.330937296358018e-08,0.7013988962376854
7.340937296358017e-08,0.7,7.340937296358017e-08,0.7012960248592088
7.350937296358017e-08,0.7,7.350937296358017e-08,0.7011956375367477
7.360937296358017e-08,0.7,7.360937296358017e-08,0.701103634024404
7.370937296358017e-08,0.7,7.370937296358017e-08,0.701026164563755
7.380937296358018e-08,0.7,7.380937296358018e-08,0.7009675411223043
7.390937296358017e-08,0.7,7.390937296358017e-08,0.7009316663929317
7.400937296358018e-08,0.7,7.400937296358018e-08,0.7009201076217956
7.410937296358017e-08,0.7,7.410937296358017e-08,0.7009337127759412
7.420937296358018e-08,0.7,7.420937296358018e-08,0.7009708925385458
7.430937296358017e-08,0.7,7.430937296358017e-08,0.7010294024110648
7.440937296358017e-08,0.7,7.440937296358017e-08,0.7011049740433831
7.450937296358018e-08,0.7,7.450937296358018e-08,0.7011932767000214
7.460937296358017e-08,0.7,7.460937296358017e-08,0.7012881689011986
7.470937296358018e-08,0.7,7.470937296358018e-08,0.7013840548665361
7.480937296358017e-08,0.7,7.480937296358017e-08,0.7014744657016042
7.490937296358018e-08,0.7,7.490937296358018e-08,0.7015542185736884
7.500937296358017e-08,0.7,7.500937296358017e-08,0.7016179669314925
7.510937296358018e-08,0.7,7.510937296358018e-08,0.701662284780742
7.520937296358018e-08,0.7,7.520937296358018e-08,0.7016841088872293
7.530937296358018e-08,0.7,7.530937296358018e-08,0.7016826820824293
7.540937296358018e-08,0.7,7.540937296358018e-08,0.7016578349942885
7.550937296358017e-08,0.7,7.550937296358017e-08,0.7016117501117252
7.560937296358018e-08,0.7,7.560937296358018e-08,0.7015469843071545
7.570937296358017e-08,0.7,7.570937296358017e-08,0.7014685116718971
7.580937296358018e-08,0.7,7.580937296358018e-08,0.7013809703310638
7.590937296358018e-08,0.7,7.590937296358018e-08,0.7012903791075339
7.600937296358018e-08,0.7,7.600937296358018e-08,0.7012020721793658
7.610937296358018e-08,0.7,7.610937296358018e-08,0.7011220195881559
7.620937296358018e-08,0.7,7.620937296358018e-08,0.7010547763923217
7.630937296358018e-08,0.7,7.630937296358018e-08,0.7010048594654962
7.640937296358017e-08,0.7,7.640937296358017e-08,0.7009748045752996
7.650937296358018e-08,0.7,7.650937296358018e-08,0.7009666819933561
7.660937296358018e-08,0.7,7.660937296358018e-08,0.7009803241283719
7.670937296358018e-08,0.7,7.670937296358018e-08,0.7010150190501189
7.680937296358018e-08,0.7,7.680937296358018e-08,0.701067878536809
7.690937296358018e-08,0.7,7.690937296358018e-08,0.7011358974995671
7.700937296358018e-08,0.7,7.700937296358018e-08,0.7012143340213141
7.710937296358019e-08,0.7,7.710937296358019e-08,0.7012985626832807
7.720937296358018e-08,0.7,7.720937296358018e-08,0.7013827953265543
7.730937296358019e-08,0.7,7.730937296358019e-08,0.7014621693682703
7.740937296358018e-08,0.7,7.740937296358018e-08,0.7015313156756026
7.750937296358018e-08,0.7,7.750937296358018e-08,0.7015864139944088
7.760937296358018e-08,0.7,7.760937296358018e-08,0.701623694116763
7.770937296358018e-08,0.7,7.770937296358018e-08,0.7016413896046405
7.780937296358019e-08,0.7,7.780937296358019e-08,0.7016381144864123
7.790937296358018e-08,0.7,7.790937296358018e-08,0.7016146689606426
7.800937296358019e-08,0.7,7.800937296358019e-08,0.7015722536945991
7.810937296358018e-08,0.7,7.810937296358018e-08,0.7015140826241949
7.820937296358019e-08,0.7,7.820937296358019e-08,0.7014437871661267
7.830937296358018e-08,0.7,7.830937296358018e-08,0.7013663049255964
7.840937296358018e-08,0.7,7.840937296358018e-08,0.7012861765490458
7.850937296358019e-08,0.7,7.850937296358019e-08,0.701208892646165
7.860937296358018e-08,0.7,7.860937296358018e-08,0.7011388939808024
7.870937296358019e-08,0.7,7.870937296358019e-08,0.7010809293022453
7.880937296358018e-08,0.7,7.880937296358018e-08,0.7010381146670097
7.890937296358019e-08,0.7,7.890937296358019e-08,0.7010133828199936
7.900937296358018e-08,0.7,7.900937296358018e-08,0.7010076718361299
7.910937296358019e-08,0.7,7.910937296358019e-08,0.7010215198041502
7.920937296358019e-08,0.7,7.920937296358019e-08,0.7010534146403954
7.930937296358019e-08,0.7,7.930937296358019e-08,0.7011015031384765
7.940937296358019e-08,0.7,7.940937296358019e-08,0.7011622906438921
7.950937296358018e-08,0.7,7.950937296358018e-08,0.7012323261677704
7.960937296358019e-08,0.7,7.960937296358019e-08,0.7013066724117639
7.970937296358018e-08,0.7,7.970937296358018e-08,0.7013810304176172
7.980937296358019e-08,0.7,7.980937296358019e-08,0.7014503009923029
7.990937296358018e-08,0.7,7.990937296358018e-08,0.7015106020036408
8.000937296358019e-08,0.7,8.000937296358019e-08,0.7015578010035195
8.010937296358019e-08,0.7,8.010937296358019e-08,0.7015894675474224
8.020937296358019e-08,0.7,8.020937296358019e-08,0.7016033164141324
8.030937296358019e-08,0.7,8.030937296358019e-08,0.7015990436614232
8.040937296358018e-08,0.7,8.040937296358018e-08,0.701576641008252
8.050937296358019e-08,0.7,8.050937296358019e-08,0.7015380756360875
8.060937296358018e-08,0.7,8.060937296358018e-08,0.7014854907385403
8.070937296358019e-08,0.7,8.070937296358019e-08,0.7014229237789151
8.080937296358019e-08,0.7,8.080937296358019e-08,0.7013539953726778
8.090937296358019e-08,0.7,8.090937296358019e-08,0.7012835096119975
8.100937296358019e-08,0.7,8.100937296358019e-08,0.7012155246673692
8.11093729635802e-08,0.7,8.11093729635802e-08,0.7011547043414422
8.120937296358019e-08,0.7,8.120937296358019e-08,0.7011044077263606
8.13093729635802e-08,0.7,8.13093729635802e-08,0.7010680899203202
8.140937296358019e-08,0.7,8.140937296358019e-08,0.7010474802997632
8.150937296358019e-08,0.7,8.150937296358019e-08,0.7010440928332237
8.160937296358019e-08,0.7,8.160937296358019e-08,0.7010575380012721
8.170937296358019e-08,0.7,8.170937296358019e-08,0.7010871700751309
8.18093729635802e-08,0.7,8.18093729635802e-08,0.7011304963120202
8.190937296358019e-08,0.7,8.190937296358019e-08,0.7011851790150684
8.20093729635802e-08,0.7,8.20093729635802e-08,0.7012473027835182
8.210937296358019e-08,0.7,8.210937296358019e-08,0.7013132877630559
8.22093729635802e-08,0.7,8.22093729635802e-08,0.7013785249981735
8.230937296358019e-08,0.7,8.230937296358019e-08,0.7014393327462536
8.240937296358019e-08,0.7,8.240937296358019e-08,0.7014915132046611
8.250937296358019e-08,0.7,8.250937296358019e-08,0.7015322774667933
8.260937296358019e-08,0.7,8.260937296358019e-08,0.7015587458417712
8.27093729635802e-08,0.7,8.27093729635802e-08,0.7015697876086013
8.280937296358019e-08,0.7,8.280937296358019e-08,0.7015644203699201
8.29093729635802e-08,0.7,8.29093729635802e-08,0.7015435300069658
8.300937296358019e-08,0.7,8.300937296358019e-08,0.7015081327184896
8.31093729635802e-08,0.7,8.31093729635802e-08,0.7014610067295882
8.320937296358019e-08,0.7,8.320937296358019e-08,0.7014049789178618
8.33093729635802e-08,0.7,8.33093729635802e-08,0.7013440474166068
8.34093729635802e-08,0.7,8.34093729635802e-08,0.7012817007783652
8.350937296358019e-08,0.7,8.350937296358019e-08,0.7012222764303232
8.36093729635802e-08,0.7,8.36093729635802e-08,0.7011690963198668
8.370937296358019e-08,0.7,8.370937296358019e-08,0.7011258394520109
8.38093729635802e-08,0.7,8.38093729635802e-08,0.7010947291747199
8.390937296358019e-08,0.7,8.390937296358019e-08,0.7010779799966899
8.40093729635802e-08,0.7,8.40093729635802e-08,0.7010760879952913
8.41093729635802e-08,0.7,8.41093729635802e-08,0.7010893906737875
8.42093729635802e-08,0.7,8.42093729635802e-08,0.7011164826942754
8.43093729635802e-08,0.7,8.43093729635802e-08,0.7011558536413265
8.440937296358019e-08,0.7,8.440937296358019e-08,0.701204635921039
8.45093729635802e-08,0.7,8.45093729635802e-08,0.7012600985300161
8.460937296358019e-08,0.7,8.460937296358019e-08,0.7013182657236928
8.47093729635802e-08,0.7,8.47093729635802e-08,0.7013758550264678
8.48093729635802e-08,0.7,8.48093729635802e-08,0.7014288388667922
8.49093729635802e-08,0.7,8.49093729635802e-08,0.7014743342068975
8.50093729635802e-08,0.7,8.50093729635802e-08,0.7015091379544359
8.51093729635802e-08,0.7,8.51093729635802e-08,0.7015315606259996
8.52093729635802e-08,0.7,8.52093729635802e-08,0.7015398883481995
8.530937296358021e-08,0.7,8.530937296358021e-08,0.7015341212104894
8.54093729635802e-08,0.7,8.54093729635802e-08,0.7015143326047778
8.55093729635802e-08,0.7,8.55093729635802e-08,0.7014822749056608
8.56093729635802e-08,0.7,8.56093729635802e-08,0.7014397091203552
8.57093729635802e-08,0.7,8.57093729635802e-08,0.7013899216760696
8.58093729635802e-08,0.7,8.58093729635802e-08,0.7013357199886877
8.59093729635802e-08,0.7,8.59093729635802e-08,0.7012809456541124
8.600937296358021e-08,0.7,8.600937296358021e-08,0.7012286672500451
8.61093729635802e-08,0.7,8.61093729635802e-08,0.7011825393707449
8.620937296358021e-08,0.7,8.620937296358021e-08,0.7011450160651518
8.63093729635802e-08,0.7,8.63093729635802e-08,0.7011187519449887
8.640937296358021e-08,0.7,8.640937296358021e-08,0.7011048882512682
8.65093729635802e-08,0.7,8.65093729635802e-08,0.7011045404926081
8.66093729635802e-08,0.7,8.66093729635802e-08,0.7011171896189646
8.670937296358021e-08,0.7,8.670937296358021e-08,0.7011422826581691
8.68093729635802e-08,0.7,8.68093729635802e-08,0.7011776416673384
8.690937296358021e-08,0.7,8.690937296358021e-08,0.7012214925835197
8.70093729635802e-08,0.7,8.70093729635802e-08,0.7012706022071417
8.710937296358021e-08,0.7,8.710937296358021e-08,0.7013222179057498
8.72093729635802e-08,0.7,8.72093729635802e-08,0.7013726626531676
8.730937296358021e-08,0.7,8.730937296358021e-08,0.7014191702092207
8.740937296358021e-08,0.7,8.740937296358021e-08,0.7014584500017736
8.75093729635802e-08,0.7,8.75093729635802e-08,0.7014884931976404
8.760937296358021e-08,0.7,8.760937296358021e-08,0.7015070903540818
8.77093729635802e-08,0.7,8.77093729635802e-08,0.701513566564253
8.780937296358021e-08,0.7,8.780937296358021e-08,0.7015072178452125
8.79093729635802e-08,0.7,8.79093729635802e-08,0.7014889498164324
8.800937296358021e-08,0.7,8.800937296358021e-08,0.7014595993888859
8.810937296358021e-08,0.7,8.810937296358021e-08,0.7014215528031493
8.820937296358021e-08,0.7,8.820937296358021e-08,0.7013769918486659
8.830937296358021e-08,0.7,8.830937296358021e-08,0.7013291571485288
8.840937296357921e-08,0.7,8.840937296357921e-08,0.701280710745191
8.85093729635792e-08,0.7,8.85093729635792e-08,0.7012350878952543
8.860937296357921e-08,0.7,8.860937296357921e-08,0.7011947536559169
8.87093729635792e-08,0.7,8.87093729635792e-08,0.7011625695455339
8.880937296357921e-08,0.7,8.880937296357921e-08,0.7011400945803888
8.890937296357921e-08,0.7,8.890937296357921e-08,0.7011290119170782
8.900937296357921e-08,0.7,8.900937296357921e-08,0.7011295122536561
8.910937296357921e-08,0.7,8.910937296357921e-08,0.7011418084663975
8.920937296357922e-08,0.7,8.920937296357922e-08,0.7011646167651914
8.930937296357921e-08,0.7,8.930937296357921e-08,0.7011967235195917
8.94093729635792e-08,0.7,8.94093729635792e-08,0.7012357706448585
8.950937296357921e-08,0.7,8.950937296357921e-08,0.7012796146090826
8.960937296357921e-08,0.7,8.960937296357921e-08,0.7013250482008808
8.970937296357921e-08,0.7,8.970937296357921e-08,0.701369584238238
8.980937296357921e-08,0.7,8.980937296357921e-08,0.7014100336681294
8.990937296357922e-08,0.7,8.990937296357922e-08,0.7014442784488252
9.000937296357921e-08,0.7,9.000937296357921e-08,0.7014698262772138
9.010937296357922e-08,0.7,9.010937296357922e-08,0.7014855356155091
9.020937296357921e-08,0.7,9.020937296357921e-08,0.7014901106094374
9.030937296357921e-08,0.7,9.030937296357921e-08,0.701483748371607
9.040937296357921e-08,0.7,9.040937296357921e-08,0.7014665526520328
9.050937296357921e-08,0.7,9.050937296357921e-08,0.7014400695379718
9.060937296357922e-08,0.7,9.060937296357922e-08,0.7014057243184523
9.070937296357921e-08,0.7,9.070937296357921e-08,0.7013661951658339
9.080937296357922e-08,0.7,9.080937296357922e-08,0.7013236414804567
9.090937296357921e-08,0.7,9.090937296357921e-08,0.70128114178378
9.100937296357922e-08,0.7,9.100937296357922e-08,0.7012409981597684
9.110937296357921e-08,0.7,9.110937296357921e-08,0.7012060844828216
9.120937296357922e-08,0.7,9.120937296357922e-08,0.7011781712856134
9.130937296357921e-08,0.7,9.130937296357921e-08,0.7011593094168352
9.140937296357921e-08,0.7,9.140937296357921e-08,0.7011502143297084
9.150937296357922e-08,0.7,9.150937296357922e-08,0.7011517179791779
9.160937296357921e-08,0.7,9.160937296357921e-08,0.7011632359851122
9.170937296357922e-08,0.7,9.170937296357922e-08,0.7011843004511902
9.180937296357921e-08,0.7,9.180937296357921e-08,0.7012130765475537
9.190937296357922e-08,0.7,9.190937296357922e-08,0.701248183019799
9.200937296357921e-08,0.7,9.200937296357921e-08,0.7012869508905629
9.210937296357922e-08,0.7,9.210937296357922e-08,0.7013272807323075
9.220937296357922e-08,0.7,9.220937296357922e-08,0.7013662309816917
9.230937296357922e-08,0.7,9.230937296357922e-08,0.7014017433711021
9.240937296357922e-08,0.7,9.240937296357922e-08,0.7014312291088183
9.250937296357921e-08,0.7,9.250937296357921e-08,0.7014532676176446
9.260937296357922e-08,0.7,9.260937296357922e-08,0.7014661534327538
9.270937296357921e-08,0.7,9.270937296357921e-08,0.7014695361156127
9.280937296357922e-08,0.7,9.280937296357922e-08,0.7014629021577401
9.290937296357922e-08,0.7,9.290937296357922e-08,0.7014471374554437
9.300937296357922e-08,0.7,9.300937296357922e-08,0.7014229142361964
9.310937296357922e-08,0.7,9.310937296357922e-08,0.7013922751764485
9.320937296357923e-08,0.7,9.320937296357923e-08,0.7013568879758766
9.330937296357922e-08,0.7,9.330937296357922e-08,0.7013193851632608
9.340937296357921e-08,0.7,9.340937296357921e-08,0.7012817817294239
9.350937296357922e-08,0.7,9.350937296357922e-08,0.7012468080030757
9.360937296357922e-08,0.7,9.360937296357922e-08,0.7012162738740803
9.370937296357922e-08,0.7,9.370937296357922e-08,0.7011924160055516
9.380937296357922e-08,0.7,9.380937296357922e-08,0.7011762999909699
9.390937296357922e-08,0.7,9.390937296357922e-08,0.7011692158189653
9.400937296357922e-08,0.7,9.400937296357922e-08,0.7011711459546098
9.410937296357923e-08,0.7,9.410937296357923e-08,0.7011822293000347
9.420937296357922e-08,0.7,9.420937296357922e-08,0.7012013009162681
9.430937296357923e-08,0.7,9.430937296357923e-08,0.7012274269831864
9.440937296357922e-08,0.7,9.440937296357922e-08,0.7012586200811786
9.450937296357922e-08,0.7,9.450937296357922e-08,0.701293232105023
9.460937296357922e-08,0.7,9.460937296357922e-08,0.7013286684875962
9.470937296357922e-08,0.7,9.470937296357922e-08,0.7013630619486242
9.480937296357923e-08,0.7,9.480937296357923e-08,0.7013938787827279
9.490937296357922e-08,0.7,9.490937296357922e-08,0.7014195847656706
9.500937296357923e-08,0.7,9.500937296357923e-08,0.7014382310631274
9.510937296357922e-08,0.7,9.510937296357922e-08,0.7014490794673608
9.520937296357923e-08,0.7,9.520937296357923e-08,0.7014511399176153
9.530937296357922e-08,0.7,9.530937296357922e-08,0.7014447325357676
9.540937296357922e-08,0.7,9.540937296357922e-08,0.7014299612251388
9.550937296357923e-08,0.7,9.550937296357923e-08,0.7014081824414211
9.560937296357922e-08,0.7,9.560937296357922e-08,0.7013805337123739
9.570937296357923e-08,0.7,9.570937296357923e-08,0.7013492026885679
9.580937296357922e-08,0.7,9.580937296357922e-08,0.7013158352507962
9.590937296357923e-08,0.7,9.590937296357923e-08,0.7012829060297201
9.600937296357922e-08,0.7,9.600937296357922e-08,0.7012521250378589
9.610937296357923e-08,0.7,9.610937296357923e-08,0.7012257620060305
9.620937296357923e-08,0.7,9.620937296357923e-08,0.7012050722959957
9.630937296357923e-08,0.7,9.630937296357923e-08,0.7011916507306619
9.640937296357923e-08,0.7,9.640937296357923e-08,0.7011859061054532
9.650937296357922e-08,0.7,9.650937296357922e-08,0.7011884687665734
9.660937296357923e-08,0.7,9.660937296357923e-08,0.7011987306354356
9.670937296357922e-08,0.7,9.670937296357922e-08,0.7012163102809588
9.680937296357923e-08,0.7,9.680937296357923e-08,0.7012396636092046
9.690937296357923e-08,0.7,9.690937296357923e-08,0.7012677077365099
9.700937296357923e-08,0.7,9.700937296357923e-08,0.7012982540141959
9.710937296357923e-08,0.7,9.710937296357923e-08,0.7013297169341263
9.720937296357923e-08,0.7,9.720937296357923e-08,0.7013597355457971
9.730937296357923e-08,0.7,9.730937296357923e-08,0.7013867975796112
9.740937296357922e-08,0.7,9.740937296357922e-08,0.7014088573042614
9.750937296357923e-08,0.7,9.750937296357923e-08,0.7014249357022989
9.760937296357922e-08,0.7,9.760937296357922e-08,0.7014337059952382
9.770937296357923e-08,0.7,9.770937296357923e-08,0.7014350452354148
9.780937296357923e-08,0.7,9.780937296357923e-08,0.7014285681969699
9.790937296357923e-08,0.7,9.790937296357923e-08,0.7014151169635997
9.800937296357923e-08,0.7,9.800937296357923e-08,0.7013952168120219
9.810937296357924e-08,0.7,9.810937296357924e-08,0.7013706119048976
9.820937296357923e-08,0.7,9.820937296357923e-08,0.7013425615233621
9.830937296357924e-08,0.7,9.830937296357924e-08,0.7013132095920043
9.840937296357923e-08,0.7,9.840937296357923e-08,0.7012840652721852
9.850937296357923e-08,0.7,9.850937296357923e-08,0.7012573070724807
9.860937296357923e-08,0.7,9.860937296357923e-08,0.7012342447653266
9.870937296357923e-08,0.7,9.870937296357923e-08,0.7012166366009398
9.880937296357924e-08,0.7,9.880937296357924e-08,0.701205183383209
9.890937296357923e-08,0.7,9.890937296357923e-08,0.7012008843306874
9.900937296357924e-08,0.7,9.900937296357924e-08,0.7012035839954825
9.910937296357923e-08,0.7,9.910937296357923e-08,0.7012133813686627
9.920937296357924e-08,0.7,9.920937296357924e-08,0.701229228455276
9.930937296357923e-08,0.7,9.930937296357923e-08,0.7012504241726817
9.940937296357923e-08,0.7,9.940937296357923e-08,0.7012752860335468
9.950937296357924e-08,0.7,9.950937296357924e-08,0.7013025646114858
9.960937296357923e-08,0.7,9.960937296357923e-08,0.7013301544520936
9.970937296357924e-08,0.7,9.970937296357924e-08,0.7013566707976625
9.980937296357923e-08,0.7,9.980937296357923e-08,0.7013800924007735
9.990937296357924e-08,0.7,9.990937296357924e-08,0.7013993292272804
1.000000000000002e-07,0.7,1.000000000000002e-07,0.7014118407735124
