net9 X,net9 Y,net09 X,net09 Y
0,0.4999356526248043,0,0.5
1.000000000000002e-10,0.4999871648230067,1.000000000000002e-10,0.51
1.907681662250005e-10,0.5000470985483916,1.907681662250005e-10,0.5190768166225831
2.907681662250007e-10,0.500120744294128,2.907681662250007e-10,0.529076816622583
3.907681662250009e-10,0.500210119572584,3.907681662250009e-10,0.539076816622583
4.907681662250012e-10,0.5003185415149692,4.907681662250012e-10,0.549076816622583
5.907681662250014e-10,0.5004532450355891,5.907681662250014e-10,0.559076816622583
6.907681662250016e-10,0.5006241206139302,6.907681662250016e-10,0.569076816622583
7.907681662250019e-10,0.5008430989326667,7.907681662250019e-10,0.579076816622583
8.907681662250021e-10,0.5011237891152046,8.907681662250021e-10,0.589076816622583
9.453840831120022e-10,0.5013079494249678,9.453840831120022e-10,0.5945384083112915
1.000000000000002e-09,0.5015174924062663,1.000000000000002e-09,0.6
1.100000000000003e-09,0.5019942808270659,1.100000000000003e-09,0.6
1.197710006686003e-09,0.5025095610718265,1.197710006686003e-09,0.6
1.297710006686003e-09,0.5031484134130609,1.297710006686003e-09,0.6
1.397710006686003e-09,0.5039099252141188,1.397710006686003e-09,0.6
1.497710006686003e-09,0.5047976243877865,1.497710006686003e-09,0.6
1.597710006686004e-09,0.505810121101046,1.597710006686004e-09,0.6
1.697710006686004e-09,0.5069420685942477,1.697710006686004e-09,0.6
1.797710006686004e-09,0.5081852752829025,1.797710006686004e-09,0.6
1.897710006686005e-09,0.5095293592694311,1.897710006686005e-09,0.6
1.997710006686005e-09,0.5109626937997236,1.997710006686005e-09,0.6
2.097710006686005e-09,0.5124729295575869,2.097710006686005e-09,0.6
2.197710006686005e-09,0.5140477261464161,2.197710006686005e-09,0.6
2.297710006686005e-09,0.5156750634149395,2.297710006686005e-09,0.6
2.397710006686006e-09,0.5173437191795404,2.397710006686006e-09,0.6
2.497710006686006e-09,0.519043361115413,2.497710006686006e-09,0.6
2.597710006686006e-09,0.5207648074251723,2.597710006686006e-09,0.6
2.697710006686006e-09,0.5224999532374762,2.697710006686006e-09,0.6
2.797710006686006e-09,0.524241885870859,2.797710006686006e-09,0.6
2.897710006686007e-09,0.5259847147664688,2.897710006686007e-09,0.6
2.997710006686007e-09,0.5277236093373164,2.997710006686007e-09,0.6
3.097710006686007e-09,0.5294545886089953,3.097710006686007e-09,0.6
3.197710006686008e-09,0.5311745299679672,3.197710006686008e-09,0.6
3.297710006686008e-09,0.5328809543426655,3.297710006686008e-09,0.6
3.397710006686008e-09,0.5345720338300688,3.397710006686008e-09,0.6
3.497710006686008e-09,0.5362463908915284,3.497710006686008e-09,0.6
3.597710006686009e-09,0.5379031178312009,3.597710006686009e-09,0.6
3.697710006686009e-09,0.5395415969407851,3.697710006686009e-09,0.6
3.797710006686009e-09,0.5411615356684749,3.797710006686009e-09,0.6
3.897710006686009e-09,0.5427628082194635,3.897710006686009e-09,0.6
3.99771000668601e-09,0.5443455055472097,3.99771000668601e-09,0.6
4.09771000668601e-09,0.5459097959645877,4.09771000668601e-09,0.6
4.19771000668601e-09,0.5474559871541004,4.19771000668601e-09,0.6
4.29771000668601e-09,0.5489844024091811,4.29771000668601e-09,0.6
4.39771000668601e-09,0.5504954514343886,4.39771000668601e-09,0.6
4.497710006686011e-09,0.5519895189146038,4.497710006686011e-09,0.6
4.597710006686011e-09,0.5534670411574075,4.597710006686011e-09,0.6
4.697710006686011e-09,0.5549284041831066,4.697710006686011e-09,0.6
4.797710006686011e-09,0.5563740237976234,4.797710006686011e-09,0.6
4.897710006686011e-09,0.5578042509930393,4.897710006686011e-09,0.6
4.997710006686012e-09,0.5592194536026224,4.997710006686012e-09,0.6
5.097710006686012e-09,0.5606199273538814,5.097710006686012e-09,0.6
5.197710006686012e-09,0.56200597775135,5.197710006686012e-09,0.6
5.297710006686012e-09,0.5633778355787477,5.297710006686012e-09,0.6
5.397710006686012e-09,0.5647357380493796,5.397710006686012e-09,0.6
5.497710006686013e-09,0.5660798479040516,5.497710006686013e-09,0.6
5.597710006686013e-09,0.5674103331671124,5.597710006686013e-09,0.6
5.697710006686013e-09,0.5687272892435153,5.697710006686013e-09,0.6
5.797710006686013e-09,0.5700308168315665,5.797710006686013e-09,0.6
5.897710006686014e-09,0.5713209465980239,5.897710006686014e-09,0.6
5.997710006686014e-09,0.5725977149343998,5.997710006686014e-09,0.6
6.097710006686014e-09,0.5738610908826631,6.097710006686014e-09,0.6
6.197710006686015e-09,0.5751110494714868,6.197710006686015e-09,0.6
6.297710006686015e-09,0.5763475005629287,6.297710006686015e-09,0.6
6.397710006686015e-09,0.5775703594454248,6.397710006686015e-09,0.6
6.497710006686016e-09,0.5787794771436554,6.497710006686016e-09,0.6
6.597710006686016e-09,0.5799747077457121,6.597710006686016e-09,0.6
6.697710006686016e-09,0.5811558394292876,6.697710006686016e-09,0.6
6.797710006686016e-09,0.582322657618667,6.797710006686016e-09,0.6
6.897710006686016e-09,0.5834748754768284,6.897710006686016e-09,0.6
6.997710006686017e-09,0.5846121913468034,6.997710006686017e-09,0.6
7.097710006686017e-09,0.5857342166292082,7.097710006686017e-09,0.6
7.197710006686017e-09,0.5868405249063394,7.197710006686017e-09,0.6
7.297710006686017e-09,0.5879305737617287,7.297710006686017e-09,0.6
7.397710006686017e-09,0.5890037412690802,7.397710006686017e-09,0.6
7.497710006686017e-09,0.590059236200888,7.497710006686017e-09,0.6
7.597710006686018e-09,0.5910961152015914,7.597710006686018e-09,0.6
7.697710006686019e-09,0.5921131737243507,7.697710006686019e-09,0.6
7.797710006686018e-09,0.5931089367366047,7.797710006686018e-09,0.6
7.897710006686019e-09,0.5940815266934353,7.897710006686019e-09,0.6
7.997710006686018e-09,0.5950286336122861,7.997710006686018e-09,0.6
8.097710006686019e-09,0.5959473840254756,8.097710006686019e-09,0.6
8.19771000668602e-09,0.5968343427176251,8.19771000668602e-09,0.6
8.297710006686019e-09,0.5976854702924699,8.297710006686019e-09,0.6
8.39771000668602e-09,0.5984962770935343,8.39771000668602e-09,0.6
8.497710006686019e-09,0.5992620014869664,8.497710006686019e-09,0.6
8.59771000668602e-09,0.5999780142880627,8.59771000668602e-09,0.6
8.697710006686021e-09,0.6006402189573599,8.697710006686021e-09,0.6
8.79771000668602e-09,0.6012455582925983,8.79771000668602e-09,0.6
8.897710006686021e-09,0.6017923380888038,8.897710006686021e-09,0.6
8.997710006686021e-09,0.6022804626769174,8.997710006686021e-09,0.6
9.097710006686021e-09,0.6027113616633406,9.097710006686021e-09,0.6
9.197710006686022e-09,0.6030878053075893,9.197710006686022e-09,0.6
9.297710006686022e-09,0.6034135024359606,9.297710006686022e-09,0.6
9.397710006686023e-09,0.6036927367584035,9.397710006686023e-09,0.6
9.497710006686022e-09,0.6039299490214765,9.497710006686022e-09,0.6
9.597710006686023e-09,0.604129477723708,9.597710006686023e-09,0.6
9.697710006686024e-09,0.6042953166027134,9.697710006686024e-09,0.6
9.797710006686023e-09,0.6044310442227002,9.797710006686023e-09,0.6
9.897710006686024e-09,0.6045397536596334,9.897710006686024e-09,0.6
9.997710006686023e-09,0.6046241128635969,9.997710006686023e-09,0.6
1.009771000668602e-08,0.6046863839848587,1.009771000668602e-08,0.6
1.019771000668602e-08,0.6047285300784667,1.019771000668602e-08,0.6
1.029771000668602e-08,0.6047522509405899,1.029771000668602e-08,0.6
1.039771000668602e-08,0.6047590807420922,1.039771000668602e-08,0.6
1.049771000668602e-08,0.6047504038250133,1.049771000668602e-08,0.6
1.059771000668602e-08,0.6047275240162919,1.059771000668602e-08,0.6
1.069771000668603e-08,0.6046916547927592,1.069771000668603e-08,0.6
1.079771000668603e-08,0.6046439643365097,1.079771000668603e-08,0.6
1.089771000668603e-08,0.6045855495206144,1.089771000668603e-08,0.6
1.099771000668603e-08,0.604517468261299,1.099771000668603e-08,0.6
1.109771000668603e-08,0.6044407083187182,1.109771000668603e-08,0.6
1.119771000668603e-08,0.6043562160468051,1.119771000668603e-08,0.6
1.129771000668603e-08,0.6042648664566077,1.129771000668603e-08,0.6
1.139771000668603e-08,0.604167492351497,1.139771000668603e-08,0.6
1.149771000668603e-08,0.6040648574658816,1.149771000668603e-08,0.6
1.159771000668603e-08,0.6039576863626235,1.159771000668603e-08,0.6
1.169771000668603e-08,0.6038466400392944,1.169771000668603e-08,0.6
1.179771000668603e-08,0.6037323456261144,1.179771000668603e-08,0.6
1.189771000668603e-08,0.6036153733626538,1.189771000668603e-08,0.6
1.199771000668603e-08,0.6034962652099477,1.199771000668603e-08,0.6
1.209771000668603e-08,0.6033755124908103,1.209771000668603e-08,0.6
1.219771000668603e-08,0.6032535830311683,1.219771000668603e-08,0.6
1.229771000668603e-08,0.603130899242538,1.229771000668603e-08,0.6
1.239771000668603e-08,0.6030078637977688,1.239771000668603e-08,0.6
1.249771000668603e-08,0.6028848382078963,1.249771000668603e-08,0.6
1.259771000668603e-08,0.6027621671956043,1.259771000668603e-08,0.6
1.269771000668603e-08,0.6026401578867222,1.269771000668603e-08,0.6
1.279771000668603e-08,0.6025191030457392,1.279771000668603e-08,0.6
1.289771000668603e-08,0.602399260967691,1.289771000668603e-08,0.6
1.299771000668603e-08,0.6022808776870479,1.299771000668603e-08,0.6
1.309771000668603e-08,0.6021641676026045,1.309771000668603e-08,0.6
1.319771000668603e-08,0.602049334724014,1.319771000668603e-08,0.6
1.329771000668603e-08,0.6019365540284568,1.329771000668603e-08,0.6
1.339771000668603e-08,0.6018259917839166,1.339771000668603e-08,0.6
1.349771000668603e-08,0.6017177876230438,1.349771000668603e-08,0.6
1.359771000668603e-08,0.6016120739754787,1.359771000668603e-08,0.6
1.369771000668603e-08,0.601508958843039,1.369771000668603e-08,0.6
1.379771000668603e-08,0.6014085443728719,1.379771000668603e-08,0.6
1.389771000668603e-08,0.6013109103205466,1.389771000668603e-08,0.6
1.399771000668603e-08,0.6012161317966063,1.399771000668603e-08,0.6
1.409771000668603e-08,0.6011242634051798,1.409771000668603e-08,0.6
1.419771000668603e-08,0.6010353561958184,1.419771000668603e-08,0.6
1.429771000668603e-08,0.6009494424650115,1.429771000668603e-08,0.6
1.439771000668603e-08,0.6008665519428312,1.439771000668603e-08,0.6
1.449771000668603e-08,0.600786697243888,1.449771000668603e-08,0.6
1.459771000668603e-08,0.6007098893157425,1.459771000668603e-08,0.6
1.469771000668604e-08,0.6006361235240426,1.469771000668604e-08,0.6
1.479771000668603e-08,0.6005653943876166,1.479771000668603e-08,0.6
1.489771000668604e-08,0.6004976822818207,1.489771000668604e-08,0.6
1.499771000668603e-08,0.6004329674830653,1.499771000668603e-08,0.6
1.509771000668604e-08,0.6003712174739442,1.509771000668604e-08,0.6
1.519771000668604e-08,0.6003124003185141,1.519771000668604e-08,0.6
1.529771000668604e-08,0.6002564725524709,1.529771000668604e-08,0.6
1.539771000668603e-08,0.6002033919095623,1.539771000668603e-08,0.6
1.549771000668604e-08,0.6001531057798308,1.549771000668604e-08,0.6
1.559771000668604e-08,0.6001055633069653,1.559771000668604e-08,0.6
1.569771000668604e-08,0.6000607043978013,1.569771000668604e-08,0.6
1.579771000668604e-08,0.6000184712093966,1.579771000668604e-08,0.6
1.589771000668604e-08,0.599978797693573,1.589771000668604e-08,0.6
1.599771000668604e-08,0.5999416204916874,1.599771000668604e-08,0.6
1.609771000668604e-08,0.5999068689982502,1.609771000668604e-08,0.6
1.619771000668604e-08,0.599874475681189,1.619771000668604e-08,0.6
1.629771000668604e-08,0.5998443666488902,1.629771000668604e-08,0.6
1.639771000668604e-08,0.5998164714132317,1.639771000668604e-08,0.6
1.649771000668604e-08,0.5997907139447264,1.649771000668604e-08,0.6
1.659771000668604e-08,0.5997670218953305,1.659771000668604e-08,0.6
1.669771000668604e-08,0.5997453181269257,1.669771000668604e-08,0.6
1.679771000668604e-08,0.5997255294106767,1.679771000668604e-08,0.6
1.689771000668604e-08,0.5997075784144216,1.689771000668604e-08,0.6
1.699771000668604e-08,0.5996913918947842,1.699771000668604e-08,0.6
1.709771000668604e-08,0.5996768931299531,1.709771000668604e-08,0.6
1.719771000668604e-08,0.5996640096205113,1.719771000668604e-08,0.6
1.729771000668604e-08,0.5996526659542506,1.729771000668604e-08,0.6
1.739771000668604e-08,0.5996427910315407,1.739771000668604e-08,0.6
1.749771000668604e-08,0.5996343113493124,1.749771000668604e-08,0.6
1.759771000668604e-08,0.5996271577664707,1.759771000668604e-08,0.6
1.769771000668604e-08,0.5996212591945923,1.769771000668604e-08,0.6
1.779771000668604e-08,0.5996165489187334,1.779771000668604e-08,0.6
1.789771000668604e-08,0.5996129586827943,1.789771000668604e-08,0.6
1.799771000668604e-08,0.5996104245806186,1.799771000668604e-08,0.6
1.809771000668604e-08,0.5996088815245008,1.809771000668604e-08,0.6
1.819771000668604e-08,0.5996082687211527,1.819771000668604e-08,0.6
1.829771000668604e-08,0.5996085245120418,1.829771000668604e-08,0.6
1.839771000668604e-08,0.5996095914487335,1.839771000668604e-08,0.6
1.849771000668604e-08,0.599611411494096,1.849771000668604e-08,0.6
1.859771000668604e-08,0.5996139307108593,1.859771000668604e-08,0.6
1.869771000668604e-08,0.5996170948132753,1.869771000668604e-08,0.6
1.879771000668605e-08,0.5996208534825594,1.879771000668605e-08,0.6
1.889771000668604e-08,0.5996251562584656,1.889771000668604e-08,0.6
1.899771000668604e-08,0.5996299564951274,1.899771000668604e-08,0.6
1.909771000668604e-08,0.5996352075825461,1.909771000668604e-08,0.6
1.919771000668605e-08,0.599640866555613,1.919771000668605e-08,0.6
1.929771000668605e-08,0.5996468906357116,1.929771000668605e-08,0.6
1.939771000668604e-08,0.5996532405056828,1.939771000668604e-08,0.6
1.949771000668605e-08,0.5996598771619097,1.949771000668605e-08,0.6
1.959771000668605e-08,0.5996667648672412,1.959771000668605e-08,0.6
1.969771000668605e-08,0.5996738683043695,1.969771000668605e-08,0.6
1.979771000668605e-08,0.5996811552186743,1.979771000668605e-08,0.6
1.989771000668605e-08,0.5996885938634708,1.989771000668605e-08,0.6
1.999771000668605e-08,0.5996961553443856,1.999771000668605e-08,0.6
2.009771000668605e-08,0.5997038113474525,2.009771000668605e-08,0.6
2.019771000668605e-08,0.5997115361961903,2.019771000668605e-08,0.6
2.029771000668605e-08,0.5997193048537438,2.029771000668605e-08,0.6
2.039771000668605e-08,0.5997270947033052,2.039771000668605e-08,0.6
2.049771000668605e-08,0.5997348838157537,2.049771000668605e-08,0.6
2.059771000668605e-08,0.5997426524637973,2.059771000668605e-08,0.6
2.069771000668605e-08,0.5997503816465964,2.069771000668605e-08,0.6
2.079771000668605e-08,0.5997580543477485,2.079771000668605e-08,0.6
2.089771000668605e-08,0.5997656543085758,2.089771000668605e-08,0.6
2.099771000668605e-08,0.599773167039501,2.099771000668605e-08,0.6
2.109771000668605e-08,0.5997805788339214,2.109771000668605e-08,0.6
2.119771000668605e-08,0.5997878775425376,2.119771000668605e-08,0.6
2.129771000668605e-08,0.5997950518195835,2.129771000668605e-08,0.6
2.139771000668605e-08,0.5998020916691493,2.139771000668605e-08,0.6
2.149771000668605e-08,0.5998089879160693,2.149771000668605e-08,0.6
2.159771000668605e-08,0.5998157325328278,2.159771000668605e-08,0.6
2.169771000668605e-08,0.5998223183274838,2.169771000668605e-08,0.6
2.179771000668605e-08,0.5998287390596079,2.179771000668605e-08,0.6
2.189771000668605e-08,0.5998349893376476,2.189771000668605e-08,0.6
2.199771000668605e-08,0.5998410645320322,2.199771000668605e-08,0.6
2.209771000668605e-08,0.5998469608745745,2.209771000668605e-08,0.6
2.219771000668605e-08,0.5998526751767734,2.219771000668605e-08,0.6
2.229771000668605e-08,0.5998582051237957,2.229771000668605e-08,0.6
2.239771000668605e-08,0.5998635488055996,2.239771000668605e-08,0.6
2.249771000668605e-08,0.5998687051985798,2.249771000668605e-08,0.6
2.259771000668605e-08,0.5998736735167087,2.259771000668605e-08,0.6
2.269771000668605e-08,0.5998784538739856,2.269771000668605e-08,0.6
2.279771000668605e-08,0.599883046462484,2.279771000668605e-08,0.6
2.289771000668605e-08,0.5998874523890264,2.289771000668605e-08,0.6
2.299771000668605e-08,0.5998916726870944,2.299771000668605e-08,0.6
2.309771000668605e-08,0.5998957093209222,2.309771000668605e-08,0.6
2.319771000668606e-08,0.5998995640378145,2.319771000668606e-08,0.6
2.329771000668606e-08,0.599903239533413,2.329771000668606e-08,0.6
2.339771000668605e-08,0.5999067381507605,2.339771000668605e-08,0.6
2.349771000668605e-08,0.5999100632002777,2.349771000668605e-08,0.6
2.359771000668606e-08,0.5999132175119859,2.359771000668606e-08,0.6
2.369771000668606e-08,0.5999162049039906,2.369771000668606e-08,0.6
2.379771000668606e-08,0.5999190285936442,2.379771000668606e-08,0.6
2.389771000668605e-08,0.599921692808879,2.389771000668605e-08,0.6
2.399771000668606e-08,0.599924201063898,2.399771000668606e-08,0.6
2.409771000668606e-08,0.5999265579075436,2.409771000668606e-08,0.6
2.419771000668606e-08,0.5999287670692048,2.419771000668606e-08,0.6
2.429771000668606e-08,0.5999308333383888,2.429771000668606e-08,0.6
2.439771000668606e-08,0.5999327605863325,2.439771000668606e-08,0.6
2.449771000668606e-08,0.599934553771402,2.449771000668606e-08,0.6
2.459771000668606e-08,0.5999362168414777,2.459771000668606e-08,0.6
2.469771000668606e-08,0.5999377548599084,2.469771000668606e-08,0.6
2.479771000668606e-08,0.5999391717937352,2.479771000668606e-08,0.6
2.489771000668606e-08,0.5999404727548737,2.489771000668606e-08,0.6
2.499771000668606e-08,0.5999416616792931,2.499771000668606e-08,0.6
2.509771000668606e-08,0.5999427436782742,2.509771000668606e-08,0.6
2.519771000668606e-08,0.5999437226131503,2.519771000668606e-08,0.6
2.529771000668606e-08,0.5999446035520349,2.529771000668606e-08,0.6
2.539771000668606e-08,0.5999453902444808,2.539771000668606e-08,0.6
2.549771000668606e-08,0.5999460876789898,2.549771000668606e-08,0.6
2.559771000668606e-08,0.5999466994621288,2.559771000668606e-08,0.6
2.569771000668606e-08,0.5999472304720986,2.569771000668606e-08,0.6
2.579771000668606e-08,0.5999476841466337,2.579771000668606e-08,0.6
2.589771000668606e-08,0.599948065228214,2.589771000668606e-08,0.6
2.599771000668606e-08,0.5999483769649037,2.599771000668606e-08,0.6
2.609771000668606e-08,0.5999486239428764,2.609771000668606e-08,0.6
2.619771000668606e-08,0.5999488092041618,2.619771000668606e-08,0.6
2.629771000668606e-08,0.5999489371623977,2.629771000668606e-08,0.6
2.639771000668606e-08,0.5999490106414379,2.639771000668606e-08,0.6
2.649771000668606e-08,0.599949033870003,2.649771000668606e-08,0.6
2.659771000668606e-08,0.5999490094452692,2.659771000668606e-08,0.6
2.669771000668606e-08,0.5999489414024145,2.669771000668606e-08,0.6
2.679771000668606e-08,0.5999488321066041,2.679771000668606e-08,0.6
2.689771000668606e-08,0.5999486853938982,2.689771000668606e-08,0.6
2.699771000668606e-08,0.5999485033952061,2.699771000668606e-08,0.6
2.709771000668606e-08,0.5999482897447065,2.709771000668606e-08,0.6
2.719771000668606e-08,0.5999480463392396,2.719771000668606e-08,0.6
2.729771000668607e-08,0.5999477766107469,2.729771000668607e-08,0.6
2.739771000668606e-08,0.5999474822244557,2.739771000668606e-08,0.6
2.749771000668606e-08,0.5999471664119753,2.749771000668606e-08,0.6
2.759771000668606e-08,0.5999468306113325,2.759771000668606e-08,0.6
2.769771000668607e-08,0.5999464778573717,2.769771000668607e-08,0.6
2.779771000668607e-08,0.5999461093668814,2.779771000668607e-08,0.6
2.789771000668606e-08,0.5999457279830357,2.789771000668606e-08,0.6
2.799771000668606e-08,0.5999453347088126,2.799771000668606e-08,0.6
2.809771000668607e-08,0.5999449322022613,2.809771000668607e-08,0.6
2.819771000668607e-08,0.5999445212609736,2.819771000668607e-08,0.6
2.829771000668607e-08,0.5999441043653084,2.829771000668607e-08,0.6
2.839771000668607e-08,0.5999436821168399,2.839771000668607e-08,0.6
2.849771000668607e-08,0.5999432568265545,2.849771000668607e-08,0.6
2.859771000668607e-08,0.5999428289100607,2.859771000668607e-08,0.6
2.869771000668607e-08,0.5999424005179302,2.869771000668607e-08,0.6
2.879771000668607e-08,0.5999419718902984,2.879771000668607e-08,0.6
2.889771000668607e-08,0.5999415450267198,2.889771000668607e-08,0.6
2.899771000668607e-08,0.5999411200027194,2.899771000668607e-08,0.6
2.909771000668607e-08,0.5999406986765429,2.909771000668607e-08,0.6
2.919771000668607e-08,0.599940280970202,2.919771000668607e-08,0.6
2.929771000668607e-08,0.5999398686104773,2.929771000668607e-08,0.6
2.939771000668607e-08,0.5999394613769441,2.939771000668607e-08,0.6
2.949771000668607e-08,0.5999390608747392,2.949771000668607e-08,0.6
2.959771000668607e-08,0.5999386667521063,2.959771000668607e-08,0.6
2.969771000668607e-08,0.5999382805024334,2.969771000668607e-08,0.6
2.979771000668607e-08,0.5999379016534071,2.979771000668607e-08,0.6
2.989771000668607e-08,0.5999375315963031,2.989771000668607e-08,0.6
2.999771000668607e-08,0.5999371697489998,2.999771000668607e-08,0.6
3.009771000668607e-08,0.5999368174100413,3.009771000668607e-08,0.6
3.019771000668607e-08,0.5999364738977728,3.019771000668607e-08,0.6
3.029771000668607e-08,0.5999361404271858,3.029771000668607e-08,0.6
3.039771000668607e-08,0.5999358162270078,3.039771000668607e-08,0.6
3.049771000668607e-08,0.5999355024374352,3.049771000668607e-08,0.6
3.059771000668608e-08,0.5999351982071657,3.059771000668608e-08,0.6
3.069771000668607e-08,0.5999349046098829,3.069771000668607e-08,0.6
3.079771000668607e-08,0.5999346207233383,3.079771000668607e-08,0.6
3.089771000668607e-08,0.5999343475626895,3.089771000668607e-08,0.6
3.099771000668607e-08,0.5999340841433377,3.099771000668607e-08,0.6
3.109771000668607e-08,0.5999338314292888,3.109771000668607e-08,0.6
3.119771000668607e-08,0.599933588381715,3.119771000668607e-08,0.6
3.129771000668607e-08,0.5999333559204624,3.129771000668607e-08,0.6
3.139771000668608e-08,0.5999331329600592,3.139771000668608e-08,0.6
3.149771000668608e-08,0.5999329203827193,3.149771000668608e-08,0.6
3.159771000668608e-08,0.5999327170634003,3.159771000668608e-08,0.6
3.169771000668607e-08,0.599932523852614,3.169771000668607e-08,0.6
3.179771000668607e-08,0.5999323395922721,3.179771000668607e-08,0.6
3.189771000668607e-08,0.5999321651068008,3.189771000668607e-08,0.6
3.199771000668607e-08,0.5999319992111267,3.199771000668607e-08,0.6
3.209771000668608e-08,0.5999318427084858,3.209771000668608e-08,0.6
3.219771000668608e-08,0.5999316943923381,3.219771000668608e-08,0.6
3.229771000668608e-08,0.5999315550494314,3.229771000668608e-08,0.6
3.239771000668608e-08,0.5999314234568021,3.239771000668608e-08,0.6
3.249771000668608e-08,0.5999313003887012,3.249771000668608e-08,0.6
3.259771000668608e-08,0.5999311846103422,3.259771000668608e-08,0.6
3.269771000668607e-08,0.5999310768871707,3.269771000668607e-08,0.6
3.279771000668607e-08,0.5999309759766696,3.279771000668607e-08,0.6
3.289771000668608e-08,0.5999308826387142,3.289771000668608e-08,0.6
3.299771000668608e-08,0.5999307956267198,3.299771000668608e-08,0.6
3.309771000668608e-08,0.5999307156978858,3.309771000668608e-08,0.6
3.319771000668608e-08,0.5999306416048471,3.319771000668608e-08,0.6
3.329771000668608e-08,0.5999305741045223,3.329771000668608e-08,0.6
3.339771000668608e-08,0.5999305119516617,3.339771000668608e-08,0.6
3.349771000668608e-08,0.599930455905075,3.349771000668608e-08,0.6
3.359771000668608e-08,0.5999304047240372,3.359771000668608e-08,0.6
3.369771000668608e-08,0.5999303591710548,3.369771000668608e-08,0.6
3.379771000668608e-08,0.599930318012198,3.379771000668608e-08,0.6
3.389771000668608e-08,0.5999302820150795,3.389771000668608e-08,0.6
3.399771000668608e-08,0.59993024995439,3.399771000668608e-08,0.6
3.409771000668608e-08,0.599930222604059,3.409771000668608e-08,0.6
3.419771000668608e-08,0.5999301987490167,3.419771000668608e-08,0.6
3.429771000668608e-08,0.5999301791704025,3.429771000668608e-08,0.6
3.439771000668608e-08,0.5999301626646194,3.439771000668608e-08,0.6
3.449771000668608e-08,0.599930150020795,3.449771000668608e-08,0.6
3.459771000668608e-08,0.5999301400478571,3.459771000668608e-08,0.6
3.469771000668708e-08,0.5999301335433748,3.469771000668708e-08,0.6
3.479771000668708e-08,0.5999301293297227,3.479771000668708e-08,0.6
3.489771000668708e-08,0.5999301282131371,3.489771000668708e-08,0.6
3.499771000668708e-08,0.5999301290300392,3.499771000668708e-08,0.6
3.509771000668708e-08,0.5999301325955025,3.509771000668708e-08,0.6
3.519771000668708e-08,0.5999301377604283,3.519771000668708e-08,0.6
3.529771000668708e-08,0.5999301453487752,3.529771000668708e-08,0.6
3.539771000668708e-08,0.5999301542261578,3.539771000668708e-08,0.6
3.549771000668709e-08,0.5999301652251942,3.549771000668709e-08,0.6
3.559771000668709e-08,0.5999301772264961,3.559771000668709e-08,0.6
3.569771000668709e-08,0.5999301910710884,3.569771000668709e-08,0.6
3.579771000668708e-08,0.599930205654527,3.579771000668708e-08,0.6
3.589771000668708e-08,0.5999302218258309,3.589771000668708e-08,0.6
3.599771000668708e-08,0.5999302384955025,3.599771000668708e-08,0.6
3.609771000668708e-08,0.5999302565201945,3.609771000668708e-08,0.6
3.619771000668708e-08,0.5999302748251524,3.619771000668708e-08,0.6
3.629771000668709e-08,0.5999302942740607,3.629771000668709e-08,0.6
3.639771000668709e-08,0.5999303138067048,3.639771000668709e-08,0.6
3.649771000668709e-08,0.5999303342932653,3.649771000668709e-08,0.6
3.659771000668709e-08,0.5999303546877934,3.659771000668709e-08,0.6
3.669771000668709e-08,0.5999303758663347,3.669771000668709e-08,0.6
3.679771000668708e-08,0.5999303967968311,3.679771000668708e-08,0.6
3.689771000668708e-08,0.5999304183605476,3.689771000668708e-08,0.6
3.699771000668709e-08,0.5999304395389256,3.699771000668709e-08,0.6
3.709771000668709e-08,0.5999304612178571,3.709771000668709e-08,0.6
3.719771000668709e-08,0.599930482391882,3.719771000668709e-08,0.6
3.729771000668709e-08,0.599930503950782,3.729771000668709e-08,0.6
3.739771000668709e-08,0.5999305249017796,3.739771000668709e-08,0.6
3.749771000668709e-08,0.5999305461378327,3.749771000668709e-08,0.6
3.759771000668709e-08,0.5999305666784012,3.759771000668709e-08,0.6
3.769771000668709e-08,0.599930587418919,3.769771000668709e-08,0.6
3.779771000668709e-08,0.5999306073906543,3.779771000668709e-08,0.6
3.789771000668709e-08,0.5999306274909035,3.789771000668709e-08,0.6
3.799771000668709e-08,0.5999306467622462,3.799771000668709e-08,0.6
3.809771000668709e-08,0.599930666103191,3.809771000668709e-08,0.6
3.819771000668709e-08,0.5999306845671513,3.819771000668709e-08,0.6
3.829771000668709e-08,0.5999307030532125,3.829771000668709e-08,0.6
3.839771000668709e-08,0.599930720625196,3.839771000668709e-08,0.6
3.849771000668709e-08,0.5999307381821208,3.849771000668709e-08,0.6
3.859771000668709e-08,0.5999307547978435,3.859771000668709e-08,0.6
3.869771000668709e-08,0.5999307713706546,3.869771000668709e-08,0.6
3.879771000668709e-08,0.599930786984019,3.879771000668709e-08,0.6
3.889771000668709e-08,0.5999308025349762,3.889771000668709e-08,0.6
3.899771000668709e-08,0.5999308171161741,3.899771000668709e-08,0.6
3.909771000668709e-08,0.5999308316229127,3.909771000668709e-08,0.6
3.919771000668709e-08,0.5999308451566271,3.919771000668709e-08,0.6
3.929771000668709e-08,0.5999308586102896,3.929771000668709e-08,0.6
3.939771000668709e-08,0.5999308710938037,3.939771000668709e-08,0.6
3.949771000668709e-08,0.5999308834973828,3.949771000668709e-08,0.6
3.95977100066871e-08,0.5999308949390775,3.95977100066871e-08,0.6
3.96977100066871e-08,0.5999309063058674,3.96977100066871e-08,0.6
3.979771000668709e-08,0.5999309167235796,3.979771000668709e-08,0.6
3.989771000668709e-08,0.5999309270755566,3.989771000668709e-08,0.6
3.999771000668709e-08,0.59993093649517,3.999771000668709e-08,0.6
4.009771000668709e-08,0.5999309458617239,4.009771000668709e-08,0.6
4.019771000668709e-08,0.5999309543158415,4.019771000668709e-08,0.6
4.029771000668709e-08,0.599930962732466,4.029771000668709e-08,0.6
4.03977100066871e-08,0.5999309702592216,4.03977100066871e-08,0.6
4.04977100066871e-08,0.5999309777663326,4.04977100066871e-08,0.6
4.05977100066871e-08,0.5999309844082462,4.05977100066871e-08,0.6
4.06977100066871e-08,0.5999309910501281,4.06977100066871e-08,0.6
4.079771000668709e-08,0.5999309968530574,4.079771000668709e-08,0.6
4.089771000668709e-08,0.5999310026769523,4.089771000668709e-08,0.6
4.099771000668709e-08,0.5999310076892902,4.099771000668709e-08,0.6
4.10977100066871e-08,0.5999310127444778,4.10977100066871e-08,0.6
4.11977100066871e-08,0.5999310170162946,4.11977100066871e-08,0.6
4.12977100066871e-08,0.5999310213533707,4.12977100066871e-08,0.6
4.13977100066871e-08,0.5999310249356221,4.13977100066871e-08,0.6
4.14977100066871e-08,0.5999310286057401,4.14977100066871e-08,0.6
4.15977100066871e-08,0.5999310315496698,4.15977100066871e-08,0.6
4.16977100066871e-08,0.5999310346040174,4.16977100066871e-08,0.6
4.17977100066871e-08,0.5999310369606405,4.17977100066871e-08,0.6
4.18977100066871e-08,0.5999310394499171,4.18977100066871e-08,0.6
4.19977100066871e-08,0.5999310412694956,4.19977100066871e-08,0.6
4.20977100066871e-08,0.5999310432434352,4.20977100066871e-08,0.6
4.21977100066871e-08,0.5999310445751131,4.21977100066871e-08,0.6
4.22977100066871e-08,0.5999310460821169,4.22977100066871e-08,0.6
4.23977100066871e-08,0.5999310469735379,4.23977100066871e-08,0.6
4.24977100066871e-08,0.5999310480603837,4.24977100066871e-08,0.6
4.25977100066871e-08,0.5999310485574093,4.25977100066871e-08,0.6
4.26977100066871e-08,0.5999310492689416,4.26977100066871e-08,0.6
4.27977100066871e-08,0.5999310494153672,4.27977100066871e-08,0.6
4.28977100066871e-08,0.5999310497943776,4.28977100066871e-08,0.6
4.29977100066871e-08,0.599931049631929,4.29977100066871e-08,0.6
4.30977100066871e-08,0.5999310497189483,4.30977100066871e-08,0.6
4.31977100066871e-08,0.5999310492869433,4.31977100066871e-08,0.6
4.32977100066871e-08,0.5999310491200942,4.32977100066871e-08,0.6
4.33977100066871e-08,0.5999310484554901,4.33977100066871e-08,0.6
4.34977100066871e-08,0.5999310480704848,4.34977100066871e-08,0.6
4.35977100066871e-08,0.5999310472077251,4.35977100066871e-08,0.6
4.369771000668711e-08,0.5999310466378054,4.369771000668711e-08,0.6
4.37977100066871e-08,0.5999310456089116,4.37977100066871e-08,0.6
4.38977100066871e-08,0.5999310448848255,4.38977100066871e-08,0.6
4.39977100066871e-08,0.599931043719298,4.39977100066871e-08,0.6
4.40977100066871e-08,0.5999310428693451,4.40977100066871e-08,0.6
4.41977100066871e-08,0.5999310415942708,4.41977100066871e-08,0.6
4.42977100066871e-08,0.599931040644316,4.42977100066871e-08,0.6
4.439771000668711e-08,0.5999310392843433,4.439771000668711e-08,0.6
4.449771000668711e-08,0.5999310382578404,4.449771000668711e-08,0.6
4.459771000668711e-08,0.5999310368352661,4.459771000668711e-08,0.6
4.469771000668711e-08,0.5999310357534205,4.469771000668711e-08,0.6
4.47977100066871e-08,0.5999310342883254,4.47977100066871e-08,0.6
4.48977100066871e-08,0.5999310331701001,4.48977100066871e-08,0.6
4.49977100066871e-08,0.599931031680397,4.49977100066871e-08,0.6
4.50977100066871e-08,0.5999310305426813,4.50977100066871e-08,0.6
4.519771000668711e-08,0.5999310290442278,4.519771000668711e-08,0.6
4.529771000668711e-08,0.5999310279018739,4.529771000668711e-08,0.6
4.539771000668711e-08,0.5999310264085429,4.539771000668711e-08,0.6
4.549771000668711e-08,0.5999310252745351,4.549771000668711e-08,0.6
4.559771000668711e-08,0.5999310237983896,4.559771000668711e-08,0.6
4.569771000668711e-08,0.5999310226839294,4.569771000668711e-08,0.6
4.57977100066871e-08,0.5999310212353519,4.57977100066871e-08,0.6
4.589771000668711e-08,0.5999310201499721,4.589771000668711e-08,0.6
4.599771000668711e-08,0.5999310187377098,4.599771000668711e-08,0.6
4.609771000668711e-08,0.5999310176894781,4.609771000668711e-08,0.6
4.619771000668711e-08,0.599931016320845,4.619771000668711e-08,0.6
4.629771000668711e-08,0.5999310153163439,4.629771000668711e-08,0.6
4.639771000668711e-08,0.5999310139972894,4.639771000668711e-08,0.6
4.649771000668711e-08,0.5999310130418435,4.649771000668711e-08,0.6
4.659771000668711e-08,0.5999310117770359,4.659771000668711e-08,0.6
4.669771000668711e-08,0.5999310108747921,4.669771000668711e-08,0.6
4.679771000668711e-08,0.5999310096678403,4.679771000668711e-08,0.6
4.689771000668711e-08,0.59993100882184,4.689771000668711e-08,0.6
4.699771000668711e-08,0.5999310076752664,4.699771000668711e-08,0.6
4.709771000668711e-08,0.5999310068876507,4.709771000668711e-08,0.6
4.719771000668711e-08,0.5999310058031424,4.719771000668711e-08,0.6
4.729771000668711e-08,0.5999310050751783,4.729771000668711e-08,0.6
4.739771000668711e-08,0.5999310040536329,4.739771000668711e-08,0.6
4.749771000668711e-08,0.5999310033857964,4.749771000668711e-08,0.6
4.759771000668711e-08,0.5999310024273208,4.759771000668711e-08,0.6
4.769771000668711e-08,0.5999310018194673,4.769771000668711e-08,0.6
4.779771000668711e-08,0.5999310009236151,4.779771000668711e-08,0.6
4.789771000668711e-08,0.5999310003750207,4.789771000668711e-08,0.6
4.799771000668711e-08,0.599930999540804,4.799771000668711e-08,0.6
4.809771000668711e-08,0.5999309990502468,4.809771000668711e-08,0.6
4.819771000668711e-08,0.599930998276196,4.819771000668711e-08,0.6
4.829771000668711e-08,0.5999309978420593,4.829771000668711e-08,0.6
4.839771000668711e-08,0.5999309971263433,4.839771000668711e-08,0.6
4.849771000668712e-08,0.5999309967466229,4.849771000668712e-08,0.6
4.859771000668712e-08,0.5999309960871096,4.859771000668712e-08,0.6
4.869771000668712e-08,0.5999309957595492,4.869771000668712e-08,0.6
4.879771000668711e-08,0.5999309951538131,4.879771000668711e-08,0.6
4.889771000668711e-08,0.5999309948759111,4.889771000668711e-08,0.6
4.899771000668711e-08,0.5999309943213637,4.899771000668711e-08,0.6
4.909771000668711e-08,0.5999309940904877,4.909771000668711e-08,0.6
4.919771000668712e-08,0.5999309935843991,4.919771000668712e-08,0.6
4.929771000668712e-08,0.5999309933977581,4.929771000668712e-08,0.6
4.939771000668712e-08,0.599930992937321,4.939771000668712e-08,0.6
4.949771000668712e-08,0.5999309927920651,4.949771000668712e-08,0.6
4.959771000668712e-08,0.5999309923743239,4.959771000668712e-08,0.6
4.969771000668712e-08,0.5999309922675438,4.969771000668712e-08,0.6
4.979771000668711e-08,0.5999309918896273,4.979771000668711e-08,0.6
4.989771000668711e-08,0.59993099181842,4.989771000668711e-08,0.6
4.999771000668712e-08,0.5999309914773795,4.999771000668712e-08,0.6
5.009771000668712e-08,0.5999309914388684,5.009771000668712e-08,0.6
5.019771000668712e-08,0.5999309911318608,5.019771000668712e-08,0.6
5.029771000668712e-08,0.5999309911232406,5.029771000668712e-08,0.6
5.039771000668712e-08,0.5999309908474385,5.039771000668712e-08,0.6
5.049771000668712e-08,0.5999309908659558,5.049771000668712e-08,0.6
5.059771000668712e-08,0.5999309906186159,5.059771000668712e-08,0.6
5.069771000668712e-08,0.5999309906615663,5.069771000668712e-08,0.6
5.079771000668712e-08,0.5999309904400563,5.079771000668712e-08,0.6
5.089771000668712e-08,0.5999309905048659,5.089771000668712e-08,0.6
5.099771000668712e-08,0.5999309903066434,5.099771000668712e-08,0.6
5.109771000668712e-08,0.5999309903908829,5.109771000668712e-08,0.6
5.119771000668712e-08,0.599930990213578,5.119771000668712e-08,0.6
5.129771000668712e-08,0.5999309903149237,5.129771000668712e-08,0.6
5.139771000668712e-08,0.5999309901562107,5.139771000668712e-08,0.6
5.149771000668712e-08,0.5999309902724501,5.149771000668712e-08,0.6
5.159771000668712e-08,0.5999309901302041,5.159771000668712e-08,0.6
5.169771000668712e-08,0.5999309902592784,5.169771000668712e-08,0.6
5.179771000668713e-08,0.5999309901315127,5.179771000668713e-08,0.6
5.189771000668712e-08,0.5999309902715089,5.189771000668712e-08,0.6
5.199771000668712e-08,0.5999309901563126,5.199771000668712e-08,0.6
5.209771000668712e-08,0.599930990305415,5.209771000668712e-08,0.6
5.219771000668712e-08,0.5999309902010218,5.219771000668712e-08,0.6
5.229771000668712e-08,0.5999309903575873,5.229771000668712e-08,0.6
5.239771000668712e-08,0.5999309902624269,5.239771000668712e-08,0.6
5.249771000668712e-08,0.5999309904249586,5.249771000668712e-08,0.6
5.259771000668713e-08,0.5999309903375744,5.259771000668713e-08,0.6
5.269771000668713e-08,0.5999309905046843,5.269771000668713e-08,0.6
5.279771000668713e-08,0.5999309904237445,5.279771000668713e-08,0.6
5.289771000668712e-08,0.5999309905941587,5.289771000668712e-08,0.6
5.299771000668712e-08,0.5999309905184419,5.299771000668712e-08,0.6
5.309771000668712e-08,0.5999309906910656,5.309771000668712e-08,0.6
5.319771000668712e-08,0.5999309906195126,5.319771000668712e-08,0.6
5.329771000668713e-08,0.5999309907933573,5.329771000668713e-08,0.6
5.339771000668713e-08,0.5999309907249738,5.339771000668713e-08,0.6
5.349771000668713e-08,0.5999309908990897,5.349771000668713e-08,0.6
5.359771000668713e-08,0.5999309908330335,5.359771000668713e-08,0.6
5.369771000668713e-08,0.5999309910066752,5.369771000668713e-08,0.6
5.379771000668713e-08,0.5999309909421607,5.379771000668713e-08,0.6
5.389771000668712e-08,0.5999309911146288,5.389771000668712e-08,0.6
5.399771000668712e-08,0.5999309910510072,5.399771000668712e-08,0.6
5.409771000668713e-08,0.5999309912216974,5.409771000668713e-08,0.6
5.419771000668713e-08,0.5999309911584086,5.419771000668713e-08,0.6
5.429771000668713e-08,0.5999309913268491,5.429771000668713e-08,0.6
5.439771000668713e-08,0.5999309912634156,5.439771000668713e-08,0.6
5.449771000668713e-08,0.5999309914291434,5.449771000668713e-08,0.6
5.459771000668713e-08,0.5999309913651579,5.459771000668713e-08,0.6
5.469771000668713e-08,0.5999309915278396,5.469771000668713e-08,0.6
5.479771000668713e-08,0.5999309914629558,5.479771000668713e-08,0.6
5.489771000668713e-08,0.5999309916222906,5.489771000668713e-08,0.6
5.499771000668713e-08,0.5999309915562331,5.499771000668713e-08,0.6
5.509771000668713e-08,0.5999309917120446,5.509771000668713e-08,0.6
5.519771000668713e-08,0.5999309916446568,5.519771000668713e-08,0.6
5.529771000668713e-08,0.5999309917967808,5.529771000668713e-08,0.6
5.539771000668713e-08,0.5999309917278621,5.539771000668713e-08,0.6
5.549771000668713e-08,0.5999309918761757,5.549771000668713e-08,0.6
5.559771000668713e-08,0.5999309918056649,5.559771000668713e-08,0.6
5.569771000668713e-08,0.5999309919501221,5.569771000668713e-08,0.6
5.579771000668713e-08,0.5999309918779442,5.579771000668713e-08,0.6
5.589771000668713e-08,0.5999309920184667,5.589771000668713e-08,0.6
5.599771000668713e-08,0.5999309919445839,5.599771000668713e-08,0.6
5.609771000668713e-08,0.5999309920812568,5.609771000668713e-08,0.6
5.619771000668713e-08,0.599930992005678,5.619771000668713e-08,0.6
5.629771000668713e-08,0.5999309921384821,5.629771000668713e-08,0.6
5.639771000668713e-08,0.5999309920612258,5.639771000668713e-08,0.6
5.649771000668713e-08,0.5999309921902298,5.649771000668713e-08,0.6
5.659771000668714e-08,0.5999309921113239,5.659771000668714e-08,0.6
5.669771000668714e-08,0.5999309922366132,5.669771000668714e-08,0.6
5.679771000668714e-08,0.5999309921561694,5.679771000668714e-08,0.6
5.689771000668713e-08,0.5999309922778535,5.689771000668713e-08,0.6
5.699771000668713e-08,0.5999309921959743,5.699771000668713e-08,0.6
5.709771000668713e-08,0.5999309923141863,5.709771000668713e-08,0.6
5.719771000668713e-08,0.599930992230955,5.719771000668713e-08,0.6
5.729771000668713e-08,0.5999309923457868,5.729771000668713e-08,0.6
5.739771000668714e-08,0.5999309922613061,5.739771000668714e-08,0.6
5.749771000668714e-08,0.5999309923729119,5.749771000668714e-08,0.6
5.759771000668714e-08,0.5999309922873324,5.759771000668714e-08,0.6
5.769771000668714e-08,0.5999309923958621,5.769771000668714e-08,0.6
5.779771000668714e-08,0.5999309923093135,5.779771000668714e-08,0.6
5.789771000668713e-08,0.5999309924149133,5.789771000668713e-08,0.6
5.799771000668713e-08,0.599930992327493,5.799771000668713e-08,0.6
5.809771000668714e-08,0.5999309924303003,5.809771000668714e-08,0.6
5.819771000668714e-08,0.5999309923421875,5.819771000668714e-08,0.6
5.829771000668714e-08,0.5999309924423835,5.829771000668714e-08,0.6
5.839771000668714e-08,0.5999309923536578,5.839771000668714e-08,0.6
5.849771000668714e-08,0.599930992451386,5.849771000668714e-08,0.6
5.859771000668714e-08,0.5999309923622286,5.859771000668714e-08,0.6
5.869771000668714e-08,0.5999309924576388,5.869771000668714e-08,0.6
5.879771000668714e-08,0.5999309923681525,5.879771000668714e-08,0.6
5.889771000668714e-08,0.5999309924613523,5.889771000668714e-08,0.6
5.899771000668714e-08,0.5999309923716507,5.899771000668714e-08,0.6
5.909771000668714e-08,0.5999309924627957,5.909771000668714e-08,0.6
5.919771000668714e-08,0.5999309923730221,5.919771000668714e-08,0.6
5.929771000668714e-08,0.5999309924622548,5.929771000668714e-08,0.6
5.939771000668714e-08,0.5999309923725025,5.939771000668714e-08,0.6
5.949771000668714e-08,0.5999309924599541,5.949771000668714e-08,0.6
5.959771000668714e-08,0.5999309923703309,5.959771000668714e-08,0.6
5.969771000668714e-08,0.5999309924560894,5.969771000668714e-08,0.6
5.979771000668714e-08,0.5999309923666922,5.979771000668714e-08,0.6
5.989771000668714e-08,0.5999309924509055,5.989771000668714e-08,0.6
5.999771000668714e-08,0.59993099236181,5.999771000668714e-08,0.6
6.009771000668715e-08,0.5999309924445614,6.009771000668715e-08,0.6
6.019771000668714e-08,0.5999309923558844,6.019771000668714e-08,0.6
6.029771000668715e-08,0.5999309924372852,6.029771000668715e-08,0.6
6.039771000668714e-08,0.5999309923490943,6.039771000668714e-08,0.6
6.049771000668714e-08,0.5999309924292483,6.049771000668714e-08,0.6
6.059771000668714e-08,0.5999309923416263,6.059771000668714e-08,0.6
6.069771000668714e-08,0.5999309924206356,6.069771000668714e-08,0.6
6.079771000668715e-08,0.5999309923336402,6.079771000668715e-08,0.6
6.089771000668714e-08,0.5999309924115422,6.089771000668714e-08,0.6
6.099771000668715e-08,0.5999309923252075,6.099771000668715e-08,0.6
6.109771000668714e-08,0.5999309924020721,6.109771000668714e-08,0.6
6.119771000668715e-08,0.5999309923164907,6.119771000668715e-08,0.6
6.129771000668714e-08,0.5999309923924064,6.129771000668714e-08,0.6
6.139771000668714e-08,0.5999309923075898,6.139771000668714e-08,0.6
6.149771000668715e-08,0.5999309923826405,6.149771000668715e-08,0.6
6.159771000668714e-08,0.5999309922986831,6.159771000668714e-08,0.6
6.169771000668715e-08,0.5999309923729201,6.169771000668715e-08,0.6
6.179771000668714e-08,0.5999309922898294,6.179771000668714e-08,0.6
6.189771000668715e-08,0.5999309923632598,6.189771000668715e-08,0.6
6.199771000668714e-08,0.5999309922810756,6.199771000668714e-08,0.6
6.209771000668715e-08,0.5999309923537633,6.209771000668715e-08,0.6
6.219771000668715e-08,0.5999309922724695,6.219771000668715e-08,0.6
6.229771000668715e-08,0.5999309923444385,6.229771000668715e-08,0.6
6.239771000668715e-08,0.5999309922640439,6.239771000668715e-08,0.6
6.249771000668714e-08,0.599930992335347,6.249771000668714e-08,0.6
6.259771000668715e-08,0.5999309922558945,6.259771000668715e-08,0.6
6.269771000668714e-08,0.5999309923265316,6.269771000668714e-08,0.6
6.279771000668715e-08,0.5999309922480286,6.279771000668715e-08,0.6
6.289771000668715e-08,0.5999309923180163,6.289771000668715e-08,0.6
6.299771000668715e-08,0.5999309922404903,6.299771000668715e-08,0.6
6.309771000668715e-08,0.5999309923099106,6.309771000668715e-08,0.6
6.319771000668715e-08,0.599930992233353,6.319771000668715e-08,0.6
6.329771000668715e-08,0.5999309923021714,6.329771000668715e-08,0.6
6.339771000668714e-08,0.5999309922265739,6.339771000668714e-08,0.6
6.349771000668715e-08,0.5999309922948238,6.349771000668715e-08,0.6
6.359771000668714e-08,0.5999309922201781,6.359771000668714e-08,0.6
6.369771000668615e-08,0.5999309922878754,6.369771000668615e-08,0.6
6.379771000668615e-08,0.5999309922141804,6.379771000668615e-08,0.6
6.389771000668615e-08,0.5999309922813312,6.389771000668615e-08,0.6
6.399771000668616e-08,0.5999309922086128,6.399771000668616e-08,0.6
6.409771000668615e-08,0.5999309922752314,6.409771000668615e-08,0.6
6.419771000668616e-08,0.5999309922034578,6.419771000668616e-08,0.6
6.429771000668615e-08,0.5999309922695516,6.429771000668615e-08,0.6
6.439771000668615e-08,0.5999309921987122,6.439771000668615e-08,0.6
6.449771000668615e-08,0.5999309922642841,6.449771000668615e-08,0.6
6.459771000668615e-08,0.5999309921944032,6.459771000668615e-08,0.6
6.469771000668616e-08,0.5999309922594618,6.469771000668616e-08,0.6
6.479771000668615e-08,0.5999309921905017,6.479771000668615e-08,0.6
6.489771000668616e-08,0.5999309922550224,6.489771000668616e-08,0.6
6.499771000668615e-08,0.5999309921869326,6.499771000668615e-08,0.6
6.509771000668616e-08,0.5999309922509041,6.509771000668616e-08,0.6
6.519771000668615e-08,0.5999309921836615,6.519771000668615e-08,0.6
6.529771000668615e-08,0.5999309922470764,6.529771000668615e-08,0.6
6.539771000668616e-08,0.5999309921806965,6.539771000668616e-08,0.6
6.549771000668615e-08,0.5999309922435908,6.549771000668615e-08,0.6
6.559771000668616e-08,0.5999309921780691,6.559771000668616e-08,0.6
6.569771000668615e-08,0.5999309922404238,6.569771000668615e-08,0.6
6.579771000668616e-08,0.5999309921757193,6.579771000668616e-08,0.6
6.589771000668615e-08,0.5999309922375312,6.589771000668615e-08,0.6
6.599771000668616e-08,0.5999309921736263,6.599771000668616e-08,0.6
6.609771000668615e-08,0.5999309922348931,6.609771000668615e-08,0.6
6.619771000668616e-08,0.5999309921717723,6.619771000668616e-08,0.6
6.629771000668616e-08,0.5999309922324877,6.629771000668616e-08,0.6
6.639771000668615e-08,0.5999309921701709,6.639771000668615e-08,0.6
6.649771000668616e-08,0.5999309922303766,6.649771000668616e-08,0.6
6.659771000668615e-08,0.5999309921688639,6.659771000668615e-08,0.6
6.669771000668616e-08,0.5999309922285446,6.669771000668616e-08,0.6
6.679771000668615e-08,0.5999309921677661,6.679771000668615e-08,0.6
6.689771000668616e-08,0.5999309922269095,6.689771000668616e-08,0.6
6.699771000668616e-08,0.599930992166902,6.699771000668616e-08,0.6
6.709771000668616e-08,0.5999309922255111,6.709771000668616e-08,0.6
6.719771000668616e-08,0.5999309921662381,6.719771000668616e-08,0.6
6.729771000668615e-08,0.5999309922242859,6.729771000668615e-08,0.6
6.739771000668616e-08,0.5999309921657013,6.739771000668616e-08,0.6
6.749771000668615e-08,0.599930992223207,6.749771000668615e-08,0.6
6.759771000668616e-08,0.5999309921653233,6.759771000668616e-08,0.6
6.769771000668616e-08,0.5999309922222574,6.769771000668616e-08,0.6
6.779771000668616e-08,0.5999309921650304,6.779771000668616e-08,0.6
6.789771000668616e-08,0.5999309922213922,6.789771000668616e-08,0.6
6.799771000668617e-08,0.5999309921648358,6.799771000668617e-08,0.6
6.809771000668616e-08,0.5999309922206557,6.809771000668616e-08,0.6
6.819771000668617e-08,0.599930992164736,6.819771000668617e-08,0.6
6.829771000668616e-08,0.5999309922200199,6.829771000668616e-08,0.6
6.839771000668616e-08,0.5999309921647622,6.839771000668616e-08,0.6
6.849771000668616e-08,0.5999309922194866,6.849771000668616e-08,0.6
6.859771000668616e-08,0.5999309921648488,6.859771000668616e-08,0.6
6.869771000668616e-08,0.5999309922190456,6.869771000668616e-08,0.6
6.879771000668616e-08,0.5999309921650482,6.879771000668616e-08,0.6
6.889771000668617e-08,0.5999309922187215,6.889771000668617e-08,0.6
6.899771000668616e-08,0.5999309921653353,6.899771000668616e-08,0.6
6.909771000668617e-08,0.5999309922184322,6.909771000668617e-08,0.6
6.919771000668616e-08,0.5999309921656029,6.919771000668616e-08,0.6
6.929771000668616e-08,0.5999309922181304,6.929771000668616e-08,0.6
6.939771000668616e-08,0.5999309921658998,6.939771000668616e-08,0.6
6.949771000668616e-08,0.5999309922179016,6.949771000668616e-08,0.6
6.959771000668617e-08,0.5999309921662461,6.959771000668617e-08,0.6
6.969771000668616e-08,0.5999309922177027,6.969771000668616e-08,0.6
6.979771000668617e-08,0.5999309921666408,6.979771000668617e-08,0.6
6.989771000668616e-08,0.599930992217561,6.989771000668616e-08,0.6
6.999771000668617e-08,0.5999309921670307,6.999771000668617e-08,0.6
7.009771000668616e-08,0.5999309922174076,7.009771000668616e-08,0.6
7.019771000668617e-08,0.5999309921674201,7.019771000668617e-08,0.6
7.029771000668617e-08,0.5999309922172811,7.029771000668617e-08,0.6
7.039771000668616e-08,0.5999309921678658,7.039771000668616e-08,0.6
7.049771000668617e-08,0.5999309922172039,7.049771000668617e-08,0.6
7.059771000668616e-08,0.5999309921683013,7.059771000668616e-08,0.6
7.069771000668617e-08,0.5999309922171099,7.069771000668617e-08,0.6
7.079771000668616e-08,0.5999309921687327,7.079771000668616e-08,0.6
7.089771000668617e-08,0.5999309922169836,7.089771000668617e-08,0.6
7.099771000668617e-08,0.5999309921691192,7.099771000668617e-08,0.6
7.109771000668617e-08,0.59993099221684,7.109771000668617e-08,0.6
7.119771000668617e-08,0.5999309921694866,7.119771000668617e-08,0.6
7.129771000668616e-08,0.5999309922166868,7.129771000668616e-08,0.6
7.139771000668617e-08,0.5999309921698364,7.139771000668617e-08,0.6
7.149771000668616e-08,0.599930992216551,7.149771000668616e-08,0.6
7.159771000668617e-08,0.5999309921702385,7.159771000668617e-08,0.6
7.169771000668617e-08,0.5999309922164581,7.169771000668617e-08,0.6
7.179771000668617e-08,0.5999309921706235,7.179771000668617e-08,0.6
7.189771000668617e-08,0.5999309922163433,7.189771000668617e-08,0.6
7.199771000668617e-08,0.5999309921709973,7.199771000668617e-08,0.6
7.209771000668617e-08,0.5999309922162488,7.209771000668617e-08,0.6
7.219771000668618e-08,0.5999309921713954,7.219771000668618e-08,0.6
7.229771000668617e-08,0.5999309922161595,7.229771000668617e-08,0.6
7.239771000668616e-08,0.5999309921718248,7.239771000668616e-08,0.6
7.249771000668617e-08,0.5999309922160823,7.249771000668617e-08,0.6
7.259771000668617e-08,0.5999309921721961,7.259771000668617e-08,0.6
7.269771000668617e-08,0.5999309922159969,7.269771000668617e-08,0.6
7.279771000668617e-08,0.5999309921725507,7.279771000668617e-08,0.6
7.289771000668618e-08,0.5999309922158378,7.289771000668618e-08,0.6
7.299771000668617e-08,0.5999309921728777,7.299771000668617e-08,0.6
7.309771000668618e-08,0.5999309922157148,7.309771000668618e-08,0.6
7.319771000668617e-08,0.5999309921732223,7.319771000668617e-08,0.6
7.329771000668617e-08,0.5999309922155999,7.329771000668617e-08,0.6
7.339771000668617e-08,0.5999309921735401,7.339771000668617e-08,0.6
7.349771000668617e-08,0.5999309922154216,7.349771000668617e-08,0.6
7.359771000668618e-08,0.5999309921738032,7.359771000668618e-08,0.6
7.369771000668617e-08,0.5999309922152464,7.369771000668617e-08,0.6
7.379771000668618e-08,0.5999309921740759,7.379771000668618e-08,0.6
7.389771000668617e-08,0.5999309922150695,7.389771000668617e-08,0.6
7.399771000668618e-08,0.5999309921743425,7.399771000668618e-08,0.6
7.409771000668617e-08,0.5999309922148862,7.409771000668617e-08,0.6
7.419771000668618e-08,0.5999309921746001,7.419771000668618e-08,0.6
7.429771000668618e-08,0.5999309922147024,7.429771000668618e-08,0.6
7.439771000668617e-08,0.5999309921748208,7.439771000668617e-08,0.6
7.449771000668618e-08,0.5999309922144787,7.449771000668618e-08,0.6
7.459771000668617e-08,0.5999309921750215,7.459771000668617e-08,0.6
7.469771000668618e-08,0.5999309922142373,7.469771000668618e-08,0.6
7.479771000668617e-08,0.5999309921752054,7.479771000668617e-08,0.6
7.489771000668618e-08,0.5999309922139908,7.489771000668618e-08,0.6
7.499771000668617e-08,0.5999309921753773,7.499771000668617e-08,0.6
7.509771000668618e-08,0.5999309922137349,7.509771000668618e-08,0.6
7.519771000668618e-08,0.5999309921755381,7.519771000668618e-08,0.6
7.529771000668617e-08,0.5999309922135063,7.529771000668617e-08,0.6
7.539771000668618e-08,0.5999309921757296,7.539771000668618e-08,0.6
7.549771000668617e-08,0.5999309922132897,7.549771000668617e-08,0.6
7.559771000668618e-08,0.5999309921758991,7.559771000668618e-08,0.6
7.569771000668617e-08,0.5999309922130145,7.569771000668617e-08,0.6
7.579771000668618e-08,0.5999309921760191,7.579771000668618e-08,0.6
7.589771000668618e-08,0.5999309922127455,7.589771000668618e-08,0.6
7.599771000668618e-08,0.599930992176151,7.599771000668618e-08,0.6
7.609771000668618e-08,0.599930992212478,7.609771000668618e-08,0.6
7.619771000668619e-08,0.5999309921762842,7.619771000668619e-08,0.6
7.629771000668618e-08,0.5999309922122134,7.629771000668618e-08,0.6
7.639771000668617e-08,0.5999309921764141,7.639771000668617e-08,0.6
7.649771000668618e-08,0.5999309922119794,7.649771000668618e-08,0.6
7.659771000668618e-08,0.5999309921765774,7.659771000668618e-08,0.6
7.669771000668618e-08,0.5999309922117285,7.669771000668618e-08,0.6
7.679771000668618e-08,0.5999309921766838,7.679771000668618e-08,0.6
7.689771000668619e-08,0.5999309922114395,7.689771000668619e-08,0.6
7.699771000668618e-08,0.5999309921767669,7.699771000668618e-08,0.6
7.709771000668619e-08,0.5999309922111644,7.709771000668619e-08,0.6
7.719771000668618e-08,0.5999309921769024,7.719771000668618e-08,0.6
7.729771000668618e-08,0.5999309922109616,7.729771000668618e-08,0.6
7.739771000668618e-08,0.5999309921770928,7.739771000668618e-08,0.6
7.749771000668618e-08,0.5999309922107632,7.749771000668618e-08,0.6
7.759771000668618e-08,0.599930992177239,7.759771000668618e-08,0.6
7.769771000668618e-08,0.5999309922105321,7.769771000668618e-08,0.6
7.779771000668619e-08,0.5999309921773679,7.779771000668619e-08,0.6
7.789771000668618e-08,0.5999309922102886,7.789771000668618e-08,0.6
7.799771000668619e-08,0.5999309921774848,7.799771000668619e-08,0.6
7.809771000668618e-08,0.5999309922100731,7.809771000668618e-08,0.6
7.819771000668619e-08,0.5999309921776337,7.819771000668619e-08,0.6
7.829771000668618e-08,0.5999309922098714,7.829771000668618e-08,0.6
7.839771000668618e-08,0.5999309921777616,7.839771000668618e-08,0.6
7.849771000668619e-08,0.5999309922096395,7.849771000668619e-08,0.6
7.859771000668618e-08,0.5999309921779079,7.859771000668618e-08,0.6
7.869771000668619e-08,0.5999309922094681,7.869771000668619e-08,0.6
7.879771000668618e-08,0.599930992178098,7.879771000668618e-08,0.6
7.889771000668619e-08,0.5999309922093163,7.889771000668619e-08,0.6
7.899771000668618e-08,0.5999309921783009,7.899771000668618e-08,0.6
7.909771000668619e-08,0.599930992209182,7.909771000668619e-08,0.6
7.919771000668619e-08,0.5999309921784804,7.919771000668619e-08,0.6
7.929771000668618e-08,0.5999309922090176,7.929771000668618e-08,0.6
7.939771000668619e-08,0.5999309921786513,7.939771000668619e-08,0.6
7.949771000668618e-08,0.5999309922088479,7.949771000668618e-08,0.6
7.959771000668619e-08,0.5999309921788136,7.959771000668619e-08,0.6
7.969771000668618e-08,0.5999309922087055,7.969771000668618e-08,0.6
7.979771000668619e-08,0.5999309921790068,7.979771000668619e-08,0.6
7.989771000668619e-08,0.5999309922085747,7.989771000668619e-08,0.6
7.999771000668619e-08,0.5999309921791791,7.999771000668619e-08,0.6
8.009771000668619e-08,0.5999309922084165,8.009771000668619e-08,0.6
8.019771000668619e-08,0.5999309921793418,8.019771000668619e-08,0.6
8.029771000668619e-08,0.599930992208253,8.029771000668619e-08,0.6
8.039771000668618e-08,0.5999309921794694,8.039771000668618e-08,0.6
8.049771000668619e-08,0.5999309922080515,8.049771000668619e-08,0.6
8.059771000668619e-08,0.5999309921795764,8.059771000668619e-08,0.6
8.069771000668619e-08,0.5999309922078345,8.069771000668619e-08,0.6
8.079771000668619e-08,0.5999309921796711,8.079771000668619e-08,0.6
8.089771000668619e-08,0.5999309922076419,8.089771000668619e-08,0.6
8.099771000668619e-08,0.5999309921797967,8.099771000668619e-08,0.6
8.10977100066862e-08,0.5999309922074308,8.10977100066862e-08,0.6
8.119771000668518e-08,0.5999309921798638,8.119771000668518e-08,0.6
8.129771000668519e-08,0.5999309922071793,8.129771000668519e-08,0.6
8.139771000668519e-08,0.5999309921799386,8.139771000668519e-08,0.6
8.149771000668519e-08,0.599930992207011,8.149771000668519e-08,0.6
8.159771000668519e-08,0.599930992180054,8.159771000668519e-08,0.6
8.16977100066852e-08,0.5999309922068028,8.16977100066852e-08,0.6
8.179771000668519e-08,0.5999309921801437,8.179771000668519e-08,0.6
8.18977100066852e-08,0.5999309922065915,8.18977100066852e-08,0.6
8.199771000668519e-08,0.5999309921801967,8.199771000668519e-08,0.6
8.20977100066852e-08,0.5999309922063414,8.20977100066852e-08,0.6
8.219771000668519e-08,0.5999309921802345,8.219771000668519e-08,0.6
8.229771000668519e-08,0.5999309922061092,8.229771000668519e-08,0.6
8.23977100066852e-08,0.5999309921803252,8.23977100066852e-08,0.6
8.249771000668519e-08,0.5999309922059206,8.249771000668519e-08,0.6
8.25977100066852e-08,0.5999309921804357,8.25977100066852e-08,0.6
8.269771000668519e-08,0.5999309922057533,8.269771000668519e-08,0.6
8.27977100066852e-08,0.5999309921805603,8.27977100066852e-08,0.6
8.289771000668519e-08,0.5999309922055963,8.289771000668519e-08,0.6
8.29977100066852e-08,0.5999309921806556,8.29977100066852e-08,0.6
8.30977100066852e-08,0.5999309922054394,8.30977100066852e-08,0.6
8.319771000668519e-08,0.5999309921807793,8.319771000668519e-08,0.6
8.32977100066852e-08,0.5999309922052882,8.32977100066852e-08,0.6
8.339771000668519e-08,0.5999309921808793,8.339771000668519e-08,0.6
8.34977100066852e-08,0.5999309922051093,8.34977100066852e-08,0.6
8.359771000668519e-08,0.5999309921809972,8.359771000668519e-08,0.6
8.36977100066852e-08,0.5999309922049869,8.36977100066852e-08,0.6
8.379771000668519e-08,0.5999309921811267,8.379771000668519e-08,0.6
8.38977100066852e-08,0.5999309922048494,8.38977100066852e-08,0.6
8.39977100066852e-08,0.599930992181285,8.39977100066852e-08,0.6
8.40977100066852e-08,0.5999309922047752,8.40977100066852e-08,0.6
8.41977100066852e-08,0.5999309921814914,8.41977100066852e-08,0.6
8.429771000668519e-08,0.5999309922047324,8.429771000668519e-08,0.6
8.43977100066852e-08,0.5999309921816923,8.43977100066852e-08,0.6
8.449771000668519e-08,0.5999309922046429,8.449771000668519e-08,0.6
8.45977100066852e-08,0.5999309921818236,8.45977100066852e-08,0.6
8.46977100066852e-08,0.5999309922045303,8.46977100066852e-08,0.6
8.47977100066852e-08,0.5999309921819607,8.47977100066852e-08,0.6
8.48977100066852e-08,0.5999309922044093,8.48977100066852e-08,0.6
8.499771000668521e-08,0.5999309921820939,8.499771000668521e-08,0.6
8.50977100066852e-08,0.5999309922042843,8.50977100066852e-08,0.6
8.519771000668519e-08,0.599930992182225,8.519771000668519e-08,0.6
8.52977100066852e-08,0.5999309922041646,8.52977100066852e-08,0.6
8.53977100066852e-08,0.5999309921823206,8.53977100066852e-08,0.6
8.54977100066852e-08,0.5999309922040363,8.54977100066852e-08,0.6
8.55977100066852e-08,0.5999309921824698,8.55977100066852e-08,0.6
8.569771000668521e-08,0.5999309922039464,8.569771000668521e-08,0.6
8.57977100066852e-08,0.5999309921826025,8.57977100066852e-08,0.6
8.589771000668521e-08,0.5999309922038349,8.589771000668521e-08,0.6
8.59977100066852e-08,0.5999309921827302,8.59977100066852e-08,0.6
8.609771000668521e-08,0.5999309922037178,8.609771000668521e-08,0.6
8.61977100066852e-08,0.5999309921828532,8.61977100066852e-08,0.6
8.62977100066852e-08,0.5999309922035977,8.62977100066852e-08,0.6
8.63977100066852e-08,0.599930992182973,8.63977100066852e-08,0.6
8.64977100066852e-08,0.5999309922034806,8.64977100066852e-08,0.6
8.659771000668521e-08,0.599930992183059,8.659771000668521e-08,0.6
8.66977100066852e-08,0.5999309922033282,8.66977100066852e-08,0.6
8.679771000668521e-08,0.599930992183099,8.679771000668521e-08,0.6
8.68977100066852e-08,0.5999309922031559,8.68977100066852e-08,0.6
8.699771000668521e-08,0.5999309921831851,8.699771000668521e-08,0.6
8.70977100066852e-08,0.5999309922030143,8.70977100066852e-08,0.6
8.71977100066852e-08,0.5999309921832805,8.71977100066852e-08,0.6
8.729771000668521e-08,0.599930992202888,8.729771000668521e-08,0.6
8.73977100066852e-08,0.5999309921833524,8.73977100066852e-08,0.6
8.749771000668521e-08,0.5999309922027314,8.749771000668521e-08,0.6
8.75977100066852e-08,0.5999309921834161,8.75977100066852e-08,0.6
8.769771000668521e-08,0.5999309922025667,8.769771000668521e-08,0.6
8.77977100066852e-08,0.5999309921834687,8.77977100066852e-08,0.6
8.789771000668521e-08,0.5999309922024277,8.789771000668521e-08,0.6
8.799771000668521e-08,0.5999309921835563,8.799771000668521e-08,0.6
8.809771000668521e-08,0.5999309922023054,8.809771000668521e-08,0.6
8.819771000668521e-08,0.5999309921836548,8.819771000668521e-08,0.6
8.82977100066852e-08,0.5999309922021886,8.82977100066852e-08,0.6
8.839771000668521e-08,0.5999309921837563,8.839771000668521e-08,0.6
8.84977100066852e-08,0.5999309922020789,8.84977100066852e-08,0.6
8.859771000668521e-08,0.5999309921838272,8.859771000668521e-08,0.6
8.869771000668521e-08,0.5999309922019638,8.869771000668521e-08,0.6
8.879771000668521e-08,0.599930992183927,8.879771000668521e-08,0.6
8.889771000668521e-08,0.5999309922018542,8.889771000668521e-08,0.6
8.899771000668521e-08,0.5999309921840297,8.899771000668521e-08,0.6
8.909771000668521e-08,0.5999309922017499,8.909771000668521e-08,0.6
8.91977100066852e-08,0.5999309921841298,8.91977100066852e-08,0.6
8.929771000668521e-08,0.5999309922016763,8.929771000668521e-08,0.6
8.939771000668521e-08,0.5999309921842677,8.939771000668521e-08,0.6
8.949771000668521e-08,0.5999309922016178,8.949771000668521e-08,0.6
8.959771000668521e-08,0.5999309921844217,8.959771000668521e-08,0.6
8.969771000668521e-08,0.5999309922015738,8.969771000668521e-08,0.6
8.979771000668521e-08,0.5999309921845476,8.979771000668521e-08,0.6
8.989771000668522e-08,0.5999309922014963,8.989771000668522e-08,0.6
8.999771000668521e-08,0.5999309921846651,8.999771000668521e-08,0.6
9.009771000668522e-08,0.5999309922014104,9.009771000668522e-08,0.6
9.019771000668521e-08,0.5999309921847421,9.019771000668521e-08,0.6
9.029771000668521e-08,0.5999309922013127,9.029771000668521e-08,0.6
9.039771000668521e-08,0.5999309921848687,9.039771000668521e-08,0.6
9.049771000668521e-08,0.5999309922012508,9.049771000668521e-08,0.6
9.059771000668522e-08,0.5999309921849765,9.059771000668522e-08,0.6
9.069771000668521e-08,0.5999309922012007,9.069771000668521e-08,0.6
9.079771000668522e-08,0.5999309921851188,9.079771000668522e-08,0.6
9.089771000668521e-08,0.599930992201155,9.089771000668521e-08,0.6
9.099771000668522e-08,0.5999309921852691,9.099771000668522e-08,0.6
9.109771000668521e-08,0.5999309922010866,9.109771000668521e-08,0.6
9.119771000668521e-08,0.5999309921853538,9.119771000668521e-08,0.6
9.129771000668522e-08,0.599930992201005,9.129771000668522e-08,0.6
9.139771000668521e-08,0.5999309921854498,9.139771000668521e-08,0.6
9.149771000668522e-08,0.5999309922009145,9.149771000668522e-08,0.6
9.159771000668521e-08,0.5999309921855422,9.159771000668521e-08,0.6
9.169771000668522e-08,0.5999309922008551,9.169771000668522e-08,0.6
9.179771000668521e-08,0.5999309921856695,9.179771000668521e-08,0.6
9.189771000668522e-08,0.5999309922008054,9.189771000668522e-08,0.6
9.199771000668522e-08,0.5999309921858068,9.199771000668522e-08,0.6
9.209771000668522e-08,0.5999309922007371,9.209771000668522e-08,0.6
9.219771000668522e-08,0.5999309921858839,9.219771000668522e-08,0.6
9.229771000668521e-08,0.5999309922006231,9.229771000668521e-08,0.6
9.239771000668522e-08,0.5999309921859364,9.239771000668522e-08,0.6
9.249771000668521e-08,0.5999309922005239,9.249771000668521e-08,0.6
9.259771000668522e-08,0.5999309921860118,9.259771000668522e-08,0.6
9.269771000668521e-08,0.599930992200456,9.269771000668521e-08,0.6
9.279771000668522e-08,0.5999309921861246,9.279771000668522e-08,0.6
9.289771000668522e-08,0.5999309922004065,9.289771000668522e-08,0.6
9.299771000668522e-08,0.5999309921862223,9.299771000668522e-08,0.6
9.309771000668522e-08,0.5999309922003292,9.309771000668522e-08,0.6
9.319771000668521e-08,0.5999309921863427,9.319771000668521e-08,0.6
9.329771000668522e-08,0.5999309922002835,9.329771000668522e-08,0.6
9.339771000668521e-08,0.5999309921864394,9.339771000668521e-08,0.6
9.349771000668522e-08,0.599930992200211,9.349771000668522e-08,0.6
9.359771000668522e-08,0.5999309921865011,9.359771000668522e-08,0.6
9.369771000668522e-08,0.5999309922000964,9.369771000668522e-08,0.6
9.379771000668522e-08,0.5999309921865418,9.379771000668522e-08,0.6
9.389771000668523e-08,0.599930992199964,9.389771000668523e-08,0.6
9.399771000668522e-08,0.5999309921865694,9.399771000668522e-08,0.6
9.409771000668523e-08,0.5999309921998566,9.409771000668523e-08,0.6
9.419771000668522e-08,0.5999309921866248,9.419771000668522e-08,0.6
9.429771000668522e-08,0.5999309921997578,9.429771000668522e-08,0.6
9.439771000668522e-08,0.599930992186692,9.439771000668522e-08,0.6
9.449771000668522e-08,0.5999309921996663,9.449771000668522e-08,0.6
9.459771000668523e-08,0.5999309921867315,9.459771000668523e-08,0.6
9.469771000668522e-08,0.5999309921995437,9.469771000668522e-08,0.6
9.479771000668523e-08,0.5999309921867899,9.479771000668523e-08,0.6
9.489771000668522e-08,0.5999309921994758,9.489771000668522e-08,0.6
9.499771000668523e-08,0.5999309921868866,9.499771000668523e-08,0.6
9.509771000668522e-08,0.5999309921994573,9.509771000668522e-08,0.6
9.519771000668522e-08,0.599930992187037,9.519771000668522e-08,0.6
9.529771000668523e-08,0.5999309921994652,9.529771000668523e-08,0.6
9.539771000668522e-08,0.5999309921871749,9.539771000668522e-08,0.6
9.549771000668523e-08,0.5999309921994522,9.549771000668523e-08,0.6
9.559771000668522e-08,0.5999309921873129,9.559771000668522e-08,0.6
9.569771000668523e-08,0.5999309921994405,9.569771000668523e-08,0.6
9.579771000668522e-08,0.5999309921874206,9.579771000668522e-08,0.6
9.589771000668523e-08,0.5999309921993872,9.589771000668523e-08,0.6
9.599771000668522e-08,0.5999309921875395,9.599771000668522e-08,0.6
9.609771000668523e-08,0.5999309921993613,9.609771000668523e-08,0.6
9.619771000668523e-08,0.5999309921876009,9.619771000668523e-08,0.6
9.629771000668522e-08,0.5999309921992664,9.629771000668522e-08,0.6
9.639771000668523e-08,0.5999309921876369,9.639771000668523e-08,0.6
9.649771000668522e-08,0.5999309921991776,9.649771000668522e-08,0.6
9.659771000668523e-08,0.5999309921876927,9.659771000668523e-08,0.6
9.669771000668522e-08,0.5999309921990623,9.669771000668522e-08,0.6
9.679771000668523e-08,0.5999309921877191,9.679771000668523e-08,0.6
9.689771000668523e-08,0.5999309921989392,9.689771000668523e-08,0.6
9.699771000668523e-08,0.5999309921877303,9.699771000668523e-08,0.6
9.709771000668523e-08,0.5999309921988366,9.709771000668523e-08,0.6
9.719771000668522e-08,0.5999309921877753,9.719771000668522e-08,0.6
9.729771000668523e-08,0.5999309921987493,9.729771000668523e-08,0.6
9.739771000668522e-08,0.5999309921877984,9.739771000668522e-08,0.6
9.749771000668523e-08,0.5999309921986289,9.749771000668523e-08,0.6
9.759771000668523e-08,0.5999309921878119,9.759771000668523e-08,0.6
9.769771000668523e-08,0.5999309921985295,9.769771000668523e-08,0.6
9.779771000668523e-08,0.5999309921878516,9.779771000668523e-08,0.6
9.789771000668524e-08,0.5999309921984428,9.789771000668524e-08,0.6
9.799771000668523e-08,0.5999309921878737,9.799771000668523e-08,0.6
9.809771000668524e-08,0.5999309921983254,9.809771000668524e-08,0.6
9.819771000668523e-08,0.5999309921879177,9.819771000668523e-08,0.6
9.829771000668523e-08,0.5999309921982383,9.829771000668523e-08,0.6
9.839771000668523e-08,0.5999309921879368,9.839771000668523e-08,0.6
9.849771000668523e-08,0.599930992198123,9.849771000668523e-08,0.6
9.859771000668523e-08,0.5999309921879489,9.859771000668523e-08,0.6
9.869771000668424e-08,0.5999309921980319,9.869771000668424e-08,0.6
9.879771000668423e-08,0.5999309921879925,9.879771000668423e-08,0.6
9.889771000668424e-08,0.5999309921979508,9.889771000668424e-08,0.6
9.899771000668423e-08,0.5999309921880414,9.899771000668423e-08,0.6
9.909771000668423e-08,0.5999309921979059,9.909771000668423e-08,0.6
9.919771000668423e-08,0.5999309921881307,9.919771000668423e-08,0.6
9.929771000668423e-08,0.5999309921978762,9.929771000668423e-08,0.6
9.939771000668424e-08,0.5999309921882385,9.939771000668424e-08,0.6
9.949771000668423e-08,0.5999309921978602,9.949771000668423e-08,0.6
9.959771000668424e-08,0.5999309921883491,9.959771000668424e-08,0.6
9.969771000668423e-08,0.5999309921978497,9.969771000668423e-08,0.6
9.979771000668424e-08,0.5999309921884356,9.979771000668424e-08,0.6
9.989771000668423e-08,0.5999309921978097,9.989771000668423e-08,0.6
9.994885500334224e-08,0.5999309921885313,9.994885500334224e-08,0.6
1.000000000000002e-07,0.5999309921977061,1.000000000000002e-07,0.6
